Ticker,銘柄名
1301,P: 極洋
130A,G: Veritas In Silico
1332,P: ニッスイ
1333,P: マルハニチロ
135A,G: VRAIN Solution
1375,P: 雪国まいたけ
1376,S: カネコ種苗
1377,P: サカタのタネ
1379,P: ホクト
137A,G: Cocolive
1380,S: 秋川牧園
1381,S: アクシーズ
1382,S: ホーブ
1383,S: ベルグアース
1384,S: ホクリヨウ
138A,G: 光フードサービス
1401,G: エムビーエス
1407,S: ウエストホールディングス
1414,P: ショーボンドホールディングス
1417,P: ミライト・ワン
1418,S: インターライフホールディングス
1419,P: タマホーム
141A,G: トライアルホールディングス
1420,S: サンヨーホームズ
1429,P: 日本アクア
142A,G: ジンジブ
1430,S: ファーストコーポレーション
1431,G: Lib Work
1433,P: ベステラ
1434,S: JESCOホールディングス
1435,S: robot home
1436,G: グリーンエナジー＆カンパニー
1438,S: 岐阜造園
1439,S: 安江工務店
143A,G: イシン
1443,S: 技研ホールディングス
1444,G: ニッソウ
1446,S: キャンディル
1447,G: SAAFホールディングス
1450,S: 田中建設工業
145A,G: L is B
146A,S: コロンビア・ワークス
147A,G: ソラコム
148A,G: ハッチ・ワーク
1491,S: 中外鉱業
149A,G: シンカ
150A,G: JSH
1514,S: 住石ホールディングス
1515,P: 日鉄鉱業
1518,P: 三井松島ホールディングス
151A,G: ダイブ
153A,G: カウリス
155A,G: 情報戦略テクノロジー
156A,G: マテリアルグループ
157A,G: グリーンモンスター
1605,P: INPEX
160A,S: アズパートナーズ
165A,G: SBIレオスひふみ
1662,P: 石油資源開発
1663,P: K＆Oエナジーグループ
166A,G: タスキホールディングス
167A,P: リョーサン菱洋ホールディングス
168A,G: イタミアート
1711,S: SDSホールディングス
1712,S: ダイセキ環境ソリューション
1716,S: 第一カッター興業
1717,S: 明豊ファシリティワークス
1718,S: 美樹工業
1719,P: 安藤・間
1720,P: 東急建設
1721,P: コムシスホールディングス
1723,S: 日本電技
1724,S: シンクレイヤ
1726,P: ビーアールホールディングス
1730,S: 麻生フオームクリート
1736,S: オーテック
173A,G: ハンモック
1743,S: コーアツ工業
1757,S: 創建エース
1758,S: 太洋基礎工業
175A,G: Will Smart
1762,P: 高松コンストラクショングループ
1764,S: 工藤建設
1766,P: 東建コーポレーション
1768,S: ソネック
176A,G: レジル
1770,S: 藤田エンジニアリング
1776,S: 三井住建道路
177A,G: コージンバイオ
1780,P: ヤマウラ
1783,S: fantasista
1786,P: オリエンタル白石
1787,S: ナカボーテック
1788,S: 三東工業社
1793,S: 大本組
1795,S: マサル
1798,S: 守谷商会
1799,S: 第一建設工業
1801,P: 大成建設
1802,P: 大林組
1803,P: 清水建設
1807,S: 佐藤渡辺
1808,P: 長谷工コーポレーション
1810,S: 松井建設
1811,S: 錢高組
1812,P: 鹿島建設
1813,P: 不動テトラ
1814,P: 大末建設
1815,P: 鉄建建設
1820,P: 西松建設
1821,P: 三井住友建設
1822,S: 大豊建設
1826,S: 佐田建設
1827,S: ナカノフドー建設
1828,S: 田辺工業
1833,P: 奥村組
1835,P: 東鉄工業
1840,S: 土屋ホールディングス
1841,S: サンユー建設
1844,S: 大盛工業
1847,S: イチケン
1848,S: 富士ピー・エス
184A,G: 学びエイド
1850,S: 南海辰村建設
1852,P: 淺沼組
1853,S: 森組
1860,P: 戸田建設
1861,P: 熊谷組
1866,S: 北野建設
1867,S: 植木組
186A,G: アストロスケールホールディングス
1870,P: 矢作建設工業
1871,P: ピーエス・コンストラクション
1873,P: 日本ハウスホールディングス
1878,P: 大東建託
1879,P: 新日本建設
1882,P: 東亜道路工業
1884,P: 日本道路
1885,P: 東亜建設工業
1887,P: 日本国土開発
1888,P: 若築建設
1890,P: 東洋建設
1893,P: 五洋建設
1897,S: 金下建設
1898,P: 世紀東急工業
1899,P: 福田組
189A,G: D＆Mカンパニー
1904,S: 大成温調
1905,S: テノックス
1909,S: 日本ドライケミカル
190A,G: Chordia Therapeutics
1911,P: 住友林業
1914,S: 日本基礎技術
1921,S: 巴コーポレーション
1925,P: 大和ハウス工業
1926,P: ライト工業
1928,P: 積水ハウス
1929,P: 日特建設
192A,G: インテグループ
1930,P: 北陸電気工事
1934,P: ユアテック
1938,P: 日本リーテック
1939,P: 四電工
1941,P: 中電工
1942,P: 関電工
1944,P: きんでん
1945,P: 東京エネシス
1946,P: トーエネック
1948,S: 弘電社
1949,P: 住友電設
194A,G: WOLVES HAND
1950,P: 日本電設工業
1951,P: エクシオグループ
1952,P: 新日本空調
1959,P: 九電工
195A,G: ライスカレー
1960,S: サンテック
1961,P: 三機工業
1963,P: 日揮ホールディングス
1964,P: 中外炉工業
1965,S: テクノ菱和
1966,S: 高田工業所
1967,S: ヤマト
1968,P: 太平電業
1969,P: 高砂熱学工業
196A,G: MFS
1972,S: 三晃金属工業
1973,P: NECネッツエスアイ
1975,P: 朝日工業社
1976,P: 明星工業
1979,P: 大氣社
197A,S: タウンズ
1980,P: ダイダン
1981,S: 協和日成
1982,P: 日比谷総合設備
198A,G: PostPrime
1992,S: 神田通信機
1994,S: 高橋カーテンウォール工業
1997,S: 暁飯島工業
2001,P: ニップン
2002,P: 日清製粉グループ本社
2003,S: 日東富士製粉
2004,P: 昭和産業
2009,S: 鳥越製粉
202A,G: 豆蔵デジタルホールディングス
2053,P: 中部飼料
2055,S: 日和産業
205A,G: ロゴスホールディングス
2060,P: フィード・ワン
206A,G: PRISM BioLab
208A,S: 構造計画研究所ホールディングス
2107,S: 東洋精糖
2108,P: 日本甜菜製糖
2109,P: DM三井製糖ホールディングス
2112,S: 塩水港精糖
2114,S: フジ日本
2117,P: ウェルネオシュガー
211A,S: カドス・コーポレーション
2120,P: LIFULL
2121,P: MIXI
2122,S: インタースペース
2124,P: ジェイエイシーリクルートメント
2127,P: 日本M＆Aセンターホールディングス
212A,S: フィットイージー
2130,P: メンバーズ
2134,S: 北浜キャピタルパートナーズ
2136,S: ヒップ
2138,S: クルーズ
2139,S: 中広
2146,P: UTグループ
2148,P: アイティメディア
2150,P: ケアネット
2152,S: 幼児活動研究会
2153,P: E・Jホールディングス
2154,P: オープンアップグループ
2156,S: セーラー広告
2157,P: コシダカホールディングス
2158,G: FRONTEO
215A,G: タイミー
2160,G: ジーエヌアイグループ
2162,S: nms ホールディングス
2163,P: アルトナー
2164,G: 地域新聞社
2168,P: パソナグループ
2169,S: CDS
2170,P: リンクアンドモチベーション
2173,G: 博展
2175,P: エス・エム・エス
2179,S: 成学社
2180,S: サニーサイドアップグループ
2181,P: パーソルホールディングス
2183,S: リニカル
2185,S: シイエム・シイ
2186,S: ソーバル
218A,G: Liberaware
2193,S: クックパッド
2195,G: アミタホールディングス
2196,S: エスクリ
2198,P: アイ・ケイ・ケイホールディングス
219A,G: Heartseed
2201,P: 森永製菓
2204,S: 中村屋
2206,P: 江崎グリコ
2207,P: 名糖産業
2208,S: ブルボン
2209,P: 井村屋グループ
220A,S: Faber Company
2211,P: 不二家
2212,P: 山崎製パン
2215,S: 第一屋製パン
2216,S: カンロ
2217,P: モロゾフ
2220,P: 亀田製菓
2221,S: 岩塚製菓
2222,P: 寿スピリッツ
2224,S: コモ
2226,S: 湖池屋
2229,P: カルビー
2264,P: 森永乳業
2266,P: 六甲バター
2267,P: ヤクルト本社
2268,S: B-R サーティワン アイスクリーム
2269,P: 明治ホールディングス
2270,P: 雪印メグミルク
2281,P: プリマハム
2282,P: 日本ハム
2286,S: 林兼産業
2288,P: 丸大食品
228A,G: オプロ
2291,S: 福留ハム
2292,P: S Foods
2293,S: 滝沢ハム
2294,P: 柿安本店
2296,P: 伊藤ハム米久ホールディングス
2300,S: きょくとう
2301,P: 学情
2303,S: ドーン
2304,S: CSSホールディングス
2305,P: スタジオアリス
2307,P: クロスキャット
2311,S: エプコ
2315,S: CAICA DIGITAL
2317,P: システナ
2321,G: ソフトフロントホールディングス
2323,S: fonfun
2325,P: NJS
2326,P: デジタルアーツ
2327,P: 日鉄ソリューションズ
2329,S: 東北新社
2330,S: フォーサイド
2331,P: 綜合警備保障
2332,S: クエスト
2334,G: イオレ
2335,P: キューブシステム
2337,P: いちご
2338,S: クオンタムソリューションズ
2340,S: 極楽湯ホールディングス
2341,S: アルバイトタイムス
2342,G: トランスジェニックグループ
2344,S: 平安レイサービス
2345,S: クシム
2349,S: エヌアイデイ
2351,G: ASJ
2353,P: 日本駐車場開発
2354,S: YE DIGITAL
2359,P: コア
2370,G: メディネット
2371,P: カカクコム
2372,P: アイロムグループ
2373,S: ケア21
2374,P: セントケア・ホールディング
2375,S: ギグワークス
2376,S: サイネックス
2378,P: ルネサンス
2379,P: ディップ
2384,P: SBSホールディングス
2385,G: 総医研ホールディングス
2388,G: ウェッジホールディングス
2389,P: デジタルホールディングス
2391,S: プラネット
2393,S: 日本ケアサプライ
2395,P: 新日本科学
2397,S: DNAチップ研究所
2404,S: 鉄人化ホールディングス
2408,S: KG情報
2410,P: キャリアデザインセンター
2411,S: ゲンダイエージェンシー
2413,P: エムスリー
2415,S: ヒューマンホールディングス
2418,S: ツカダ・グローバルホールディング
241A,G: ROXX
2424,S: ブラス
2425,S: ケアサービス
2428,S: ウェルネット
2429,P: ワールドホールディングス
2432,P: ディー・エヌ・エー
2433,P: 博報堂DYホールディングス
2435,S: シダー
2436,S: 共同ピーアール
2437,S: Shinwa Wise Holdings
2438,G: アスカネット
2440,P: ぐるなび
2445,P: タカミヤ
2449,S: プラップジャパン
244A,G: グロースエクスパートナーズ
2454,S: オールアバウト
2459,S: アウンコンサルティング
245A,G: INGS
2461,P: ファンコミュニケーションズ
2462,P: ライク
2464,S: Aoba‐BBT
2469,S: ヒビノ
246A,G: アスア
2471,P: エスプール
2475,P: WDBホールディングス
2477,S: 手間いらず
2479,G: ジェイテック
247A,G: Aiロボティクス
2480,S: システム・ロケーション
2481,S: タウンニュース社
2483,S: 翻訳センター
2484,S: 出前館
2485,S: ティア
2488,S: JTP
2489,P: アドウェイズ
248A,G: キッズスター
2491,P: バリューコマース
2492,P: インフォマート
2493,S: イーサポートリンク
2497,G: ユナイテッド
2498,S: オリエンタルコンサルタンツホールディングス
2499,S: 日本和装ホールディングス
2501,P: サッポロホールディングス
2502,P: アサヒグループホールディングス
2503,P: キリンホールディングス
250A,S: シマダヤ
2531,P: 宝ホールディングス
2533,P: オエノンホールディングス
253A,S: ETSグループ
2540,P: 養命酒製造
254A,S: AIフュージョンキャピタルグループ
255A,S: ジーエルテクノホールディングス
256A,P: 飛島ホールディングス
2573,S: 北海道コカ・コーラボトリング
2579,P: コカ・コーラ ボトラーズジャパンホールディングス
2585,P: ライフドリンク カンパニー
2586,G: フルッタフルッタ
2587,P: サントリー食品インターナショナル
2588,S: プレミアムウォーターホールディングス
2590,P: ダイドーグループホールディングス
2593,P: 伊藤園
25935,P: 伊藤園第1種優先株式
2594,P: キーコーヒー
2597,S: ユニカフェ
2602,P: 日清オイリオグループ
2607,P: 不二製油グループ本社
260A,G: オルツ
2612,S: かどや製油
2613,P: J-オイルミルズ
261A,S: 日水コン
262A,P: インターメスティック
264A,G: Schoo
2652,S: まんだらけ
2653,S: イオン九州
2654,S: アスモ
2656,S: ベクターホールディングス
2659,P: サンエー
265A,G: Hmcomm
2664,P: カワチ薬品
2666,S: オートウェーブ
2667,S: イメージ ワン
2668,S: タビオ
2669,S: カネ美食品
2670,P: エービーシー・マート
2673,S: 夢みつけ隊
2674,P: ハードオフコーポレーション
2676,P: 高千穂交易
2678,P: アスクル
2681,P: ゲオホールディングス
2683,S: 魚喜
2685,P: アダストリア
2686,S: ジーフット
2687,S: シー・ヴイ・エス・ベイエリア
2689,S: オルバヘルスケアホールディングス
268A,P: リガク・ホールディングス
2692,P: 伊藤忠食品
2693,S: YKT
2694,S: 焼肉坂井ホールディングス
2695,P: くら寿司
2698,S: キャンドゥ
269A,G: Sapeet
2700,S: 木徳神糧
2702,S: 日本マクドナルドホールディングス
2705,S: 大戸屋ホールディングス
2708,S: 久世
2721,S: ジェイホールディングス
2722,S: IKホールディングス
2726,P: パルグループホールディングス
2730,P: エディオン
2733,P: あらた
2734,P: サーラコーポレーション
2735,S: ワッツ
2736,S: フェスタリアホールディングス
2737,P: トーメンデバイス
2742,P: ハローズ
2743,S: ピクセルカンパニーズ
2747,S: 北雄ラッキー
2749,P: JPホールディングス
274A,S: ガーデン
2750,S: 石光商事
2751,S: テンポスホールディングス
2752,P: フジオフードグループ本社
2753,P: あみやき亭
2760,P: 東京エレクトロン デバイス
2762,S: SANKO MARKETING FOODS
2763,S: エフティグループ
2764,S: ひらまつ
2767,P: 円谷フィールズホールディングス
2768,P: 双日
2769,S: ヴィレッジヴァンガードコーポレーション
276A,G: ククレブ・アドバイザーズ
2776,S: 新都ホールディングス
2778,S: パレモ・ホールディングス
277A,G: グロービング
2780,S: コメ兵ホールディングス
2782,S: セリア
2784,P: アルフレッサ ホールディングス
2788,S: アップルインターナショナル
2789,S: カルラ
278A,G: Terra Drone
2790,S: ナフコ
2791,P: 大黒天物産
2792,P: ハニーズホールディングス
2795,S: 日本プリメックス
2796,S: ファーマライズホールディングス
2798,S: ワイズテーブルコーポレーション
2801,P: キッコーマン
2802,P: 味の素
2804,P: ブルドックソース
2805,S: ヱスビー食品
2806,S: ユタカフーズ
2809,P: キユーピー
280A,G: TMH
2810,P: ハウス食品グループ本社
2811,P: カゴメ
2813,S: 和弘食品
2814,S: 佐藤食品工業
2815,P: アリアケジャパン
2816,S: ダイショー
2818,S: ピエトロ
2819,S: エバラ食品工業
281A,G: インフォメティス
2820,S: やまみ
2830,S: アヲハタ
2831,S: はごろもフーズ
285A,P: キオクシアホールディングス
286A,G: ユカリア
2871,P: ニチレイ
2872,S: セイヒョー
2874,P: 横浜冷凍
2875,P: 東洋水産
2876,S: デルソーレ
2877,S: 日東ベスト
287A,S: 黒田グループ
2882,P: イートアンドホールディングス
2883,S: 大冷
2884,P: ヨシムラ・フード・ホールディングス
288A,G: ラクサス・テクノロジーズ
2892,S: 日本食品化工
2894,S: 石井食品
2897,P: 日清食品ホールディングス
2901,S: ウェルディッシュ
2903,S: シノブフーズ
2904,S: 一正蒲鉾
2907,S: あじかん
2908,P: フジッコ
290A,G: Synspective
2910,P: ロック・フィールド
2911,S: 旭松食品
2914,P: 日本たばこ産業
2915,P: ケンコーマヨネーズ
2916,S: 仙波糖化工業
2917,S: 大森屋
2918,P: わらべや日洋ホールディングス
291A,G: リスキル
2922,P: なとり
2923,S: サトウ食品
2924,S: イフジ産業
2926,S: 篠崎屋
2927,S: AFC-HDアムスライフサイエンス
2929,P: ファーマフーズ
2930,P: 北の達人コーポレーション
2931,P: ユーグレナ
2932,S: STIフードホールディングス
2933,P: 紀文食品
2934,G: ジェイフロンティア
2935,P: ピックルスホールディングス
2936,G: ベースフード
2937,G: サンクゼール
2938,S: オカムラ食品工業
2961,S: 日本調理機
2962,S: テクニスコ
296A,G: 令和アカウンティング・ホールディングス
2970,S: グッドライフカンパニー
2975,P: スター・マイカ・ホールディングス
2978,G: ツクルバ
297A,S: アルピコホールディングス
2980,P: SREホールディングス
2981,G: ランディックス
2982,P: ADワークスグループ
2983,G: アールプランナー
2984,S: ヤマイチ・ユニハイムエステート
2986,G: LAホールディングス
298A,G: GVA TECH
2991,S: ランドネット
2993,S: 長栄
2997,G: ストレージ王
2998,G: クリアル
2999,S: ホームポジション
299A,G: dely
3001,S: 片倉工業
3002,P: グンゼ
3003,P: ヒューリック
3004,S: 神栄
300A,S: MIC
3010,S: ポラリス・ホールディングス
3011,S: バナーズ
3020,S: アプライド
3021,S: パシフィックネット
3023,S: ラサ商事
3024,S: クリエイト
3028,P: アルペン
302A,G: ビースタイルホールディングス
3030,S: ハブ
3031,P: ラクーンホールディングス
3034,P: クオールホールディングス
3035,S: ケイティケイ
3036,P: アルコニックス
3038,P: 神戸物産
303A,G: visumo
3040,P: ソリトンシステムズ
3041,S: ビューティカダンホールディングス
3042,G: セキュアヴェイル
3045,S: カワサキ
3046,P: ジンズホールディングス
3048,P: ビックカメラ
304A,G: フォルシア
3050,P: DCMホールディングス
3053,S: ペッパーフードサービス
3054,S: ハイパー
3058,S: 三洋堂ホールディングス
3059,S: ヒラキ
3063,G: ジェイグループホールディングス
3064,P: MonotaRO
3065,S: ライフフーズ
3067,S: 東京一番フーズ
3068,S: WDI
3069,S: JFLAホールディングス
3070,G: ジェリービーンズグループ
3071,S: ストリーム
3073,P: DDグループ
3075,S: 銚子丸
3076,P: あい ホールディングス
3077,S: ホリイフードサービス
3079,S: ディーブイエックス
3080,S: ジェーソン
3082,S: きちりホールディングス
3083,S: スターシーズ
3086,P: J.フロント リテイリング
3087,P: ドトール・日レスホールディングス
3088,P: マツキヨココカラ＆カンパニー
3089,S: テクノアルファ
3091,P: ブロンコビリー
3092,P: ZOZO
3093,P: トレジャー・ファクトリー
3094,S: スーパーバリュー
3096,S: オーシャンシステム
3097,P: 物語コーポレーション
3099,P: 三越伊勢丹ホールディングス
3101,P: 東洋紡
3103,P: ユニチカ
3104,P: 富士紡ホールディングス
3105,P: 日清紡ホールディングス
3106,P: 倉敷紡績
3107,P: ダイワボウホールディングス
3109,P: シキボウ
3110,P: 日東紡績
3111,S: オーミケンシ
3113,S: UNIVA・Oakホールディングス
3116,P: トヨタ紡織
3121,S: マーチャント・バンカーズ
3123,S: サイボー
3131,S: シンデン・ハイテックス
3132,P: マクニカホールディングス
3133,G: 海帆
3134,S: Hamee
3135,P: マーケットエンタープライズ
3137,G: ファンデリー
3138,G: 富士山マガジンサービス
3139,P: ラクト・ジャパン
3140,G: BRUNO
3141,P: ウエルシアホールディングス
3143,S: オーウイル
3148,P: クリエイトSDホールディングス
3150,P: グリムス
3151,P: バイタルケーエスケー・ホールディングス
3153,P: 八洲電機
3154,P: メディアスホールディングス
3156,P: レスター
3157,S: ジオリーブグループ
3159,S: 丸善CHIホールディングス
3160,S: 大光
3161,S: アゼアス
3166,S: OCHIホールディングス
3167,P: TOKAIホールディングス
3168,S: MERF
3169,S: ミサワ
3172,S: ティーライフ
3173,S: Cominix
3174,S: ハピネス・アンド・ディ
3175,S: エー・ピーホールディングス
3176,P: 三洋貿易
3177,S: ありがとうサービス
3178,S: チムニー
3179,P: シュッピン
3180,P: ビューティガレージ
3181,S: 買取王国
3182,P: オイシックス・ラ・大地
3183,P: ウイン・パートナーズ
3184,S: ICDAホールディングス
3185,G: 夢展望
3186,P: ネクステージ
3187,G: ミラタップ
3189,S: ANAP
3190,S: ホットマン
3191,P: ジョイフル本田
3192,S: 白鳩
3193,P: エターナルホスピタリティグループ
3195,G: ジェネレーションパス
3196,P: ホットランド
3197,P: すかいらーくホールディングス
3198,P: SFPホールディングス
3199,P: 綿半ホールディングス
3201,P: 日本毛織
3202,S: ダイトウボウ
3204,S: トーア紡コーポレーション
3205,S: ダイドーリミテッド
3221,P: ヨシックスホールディングス
3222,S: ユナイテッド・スーパーマーケット・ホールディングス
3223,S: エスエルディー
3224,G: ゼネラル・オイスター
3231,P: 野村不動産ホールディングス
3232,P: 三重交通グループホールディングス
3236,S: プロパスト
3237,G: イントランス
3238,S: セントラル総合開発
3241,S: ウィル
3242,S: アーバネットコーポレーション
3245,P: ディア・ライフ
3246,S: コーセーアールイー
3248,S: アールエイジ
3252,P: 地主
3254,S: プレサンスコーポレーション
3261,G: グランディーズ
3264,S: アスコット
3266,S: ファンドクリエーショングループ
3267,S: フィル・カンパニー
3271,S: THEグローバル社
3276,P: JPMC
3277,S: サンセイランディック
3280,S: エストラスト
3284,P: フージャースホールディングス
3286,G: トラストホールディングス
3288,P: オープンハウスグループ
3289,P: 東急不動産ホールディングス
3291,P: 飯田グループホールディングス
3293,S: アズマハウス
3294,S: イーグランド
3297,S: 東武住販
3299,S: ムゲンエステート
3300,G: アンビション DX ホールディングス
3302,P: 帝国繊維
3306,S: 日本製麻
3315,P: 日本コークス工業
3317,S: フライングガーデン
3319,P: ゴルフダイジェスト・オンライン
3320,S: クロスプラス
3321,S: ミタチ産業
3322,S: アルファグループ
3323,S: レカム
3326,S: ランシステム
3328,P: BEENOS
3329,S: 東和フードサービス
3333,P: あさひ
3341,P: 日本調剤
3347,S: トラスト
3349,P: コスモス薬品
3350,S: メタプラネット
3352,S: バッファロー
3353,S: メディカル一光グループ
3355,S: クリヤマホールディングス
3358,S: ワイエスフード
3359,G: cotta
3360,P: シップヘルスケアホールディングス
3361,S: トーエル
3370,S: フジタコーポレーション
3371,P: ソフトクリエイトホールディングス
3372,S: 関門海
3374,S: 内外テック
3375,S: ZOA
3377,S: バイク王＆カンパニー
3382,P: セブン＆アイ・ホールディングス
3386,S: コスモ・バイオ
3387,P: クリエイト・レストランツ・ホールディングス
3388,P: 明治電機工業
3391,P: ツルハホールディングス
3392,S: デリカフーズホールディングス
3393,P: スターティアホールディングス
3395,P: サンマルクホールディングス
3396,S: フェリシモ
3397,P: トリドールホールディングス
3399,S: 丸千代山岡家
3401,P: 帝人
3402,P: 東レ
3405,P: クラレ
3407,P: 旭化成
3409,S: 北日本紡績
3415,P: TOKYO BASE
3416,G: ピクスタ
3417,S: 大木ヘルスケアホールディングス
3418,G: バルニバービ
3420,S: ケー・エフ・シー
3421,S: 稲葉製作所
3422,S: J-MAX
3423,S: エスイー
3426,S: アトムリビンテック
3431,P: 宮地エンジニアリンググループ
3433,P: トーカロ
3434,S: アルファCo
3435,S: サンコーテクノ
3436,P: SUMCO
3437,S: 特殊電極
3439,S: 三ツ知
3440,S: 日創プロニティ
3441,S: 山王
3443,P: 川田テクノロジーズ
3444,S: 菊池製作所
3445,P: RS Technologies
3446,P: ジェイテックコーポレーション
3447,S: 信和
3449,S: テクノフレックス
3452,S: ビーロット
3454,S: ファーストブラザーズ
3457,P: And Doホールディングス
3458,P: シーアールイー
3461,G: パルマ
3465,P: ケイアイスター不動産
3467,S: アグレ都市デザイン
3469,S: デュアルタップ
3474,G: G-FACTORY
3475,P: グッドコムアセット
3477,G: フォーライフ
3479,G: ティーケーピー
3480,P: ジェイ・エス・ビー
3482,P: ロードスターキャピタル
3484,P: イノベーションホールディングス
3486,P: グローバル・リンク・マネジメント
3489,S: フェイスネットワーク
3490,S: アズ企画設計
3491,G: GA technologies
3494,S: マリオン
3495,S: 香陵住販
3496,G: アズーム
3497,G: LeTech
3498,P: 霞ヶ関キャピタル
3501,P: SUMINOE
3512,S: 日本フエルト
3513,S: イチカワ
3521,S: エコナックホールディングス
3524,S: 日東製網
3526,S: 芦森工業
3529,S: アツギ
3536,S: アクサスホールディングス
3537,S: 昭栄薬品
3538,S: ウイルプラスホールディングス
3539,P: JMホールディングス
3540,S: 歯愛メディカル
3541,G: 農業総合研究所
3542,G: ベガコーポレーション
3543,P: コメダホールディングス
3544,S: サツドラホールディングス
3546,P: アレンザホールディングス
3547,S: 串カツ田中ホールディングス
3548,P: バロックジャパンリミテッド
3549,P: クスリのアオキホールディングス
3550,G: スタジオアタオ
3551,S: ダイニック
3553,S: 共和レザー
3556,G: リネットジャパングループ
3557,G: ユナイテッド＆コレクティブ
3558,G: ジェイドグループ
3559,S: ピーバンドットコム
3560,S: ほぼ日
3561,P: 力の源ホールディングス
3562,S: No.1
3563,P: FOOD ＆ LIFE COMPANIES
3565,S: アセンテック
3566,G: ユニフォームネクスト
3569,P: セーレン
3571,S: ソトー
3577,S: 東海染工
3580,P: 小松マテーレ
3583,S: オーベクス
3591,P: ワコールホールディングス
3593,P: ホギメディカル
3597,S: 自重堂
3598,S: 山喜
3600,S: フジックス
3604,S: 川本産業
3607,S: クラウディアホールディングス
3608,P: TSIホールディングス
3611,S: マツオカコーポレーション
3612,P: ワールド
3622,G: ネットイヤーグループ
3623,G: ビリングシステム
3624,G: アクセルマーク
3625,G: テックファームホールディングス
3626,P: TIS
3627,S: テクミラホールディングス
3628,G: データホライゾン
3632,P: グリーホールディングス
3633,S: GMOペパボ
3634,S: ソケッツ
3635,P: コーエーテクモホールディングス
3636,P: 三菱総合研究所
3639,S: ボルテージ
3640,S: 電算
3641,S: パピレス
3645,G: メディカルネット
3646,G: 駅探
3647,S: ジー・スリーホールディングス
3648,S: AGS
3649,P: ファインデックス
3652,G: ディジタルメディアプロフェッショナル
3653,G: モルフォ
3655,P: ブレインパッド
3656,P: KLab
3657,P: ポールトゥウィンホールディングス
3659,P: ネクソン
3660,P: アイスタイル
3661,P: エムアップホールディングス
3662,P: エイチーム
3663,P: セルシス
3664,G: モブキャストホールディングス
3665,P: エニグモ
3666,S: テクノスジャパン
3667,S: enish
3668,P: コロプラ
3670,S: 協立情報通信
3671,G: ソフトマックス
3672,S: オルトプラス
3673,P: ブロードリーフ
3674,G: オークファン
3675,P: クロス・マーケティンググループ
3676,P: デジタルハーツホールディングス
3678,P: メディアドゥ
3679,P: じげん
3680,G: ホットリンク
3681,P: ブイキューブ
3682,S: エンカレッジ・テクノロジ
3683,S: サイバーリンクス
3686,S: ディー・エル・イー
3687,P: フィックスターズ
3688,P: CARTA HOLDINGS
3690,G: イルグルム
3691,G: デジタルプラス
3692,G: FFRIセキュリティ
3694,P: オプティム
3695,G: GMOリサーチ＆AI
3696,P: セレス
3697,P: SHIFT
3698,G: CRI・ミドルウェア
3708,P: 特種東海製紙
3710,S: ジョルダン
3712,S: 情報企画
3719,S: ジェクシード
3723,G: 日本ファルコム
3726,S: フォーシーズHD
3727,G: アプリックス
3733,S: ソフトウェア・サービス
3738,P: ティーガイア
3741,P: セック
3744,S: サイオス
3747,S: インタートレード
3750,S: サイトリ細胞研究所
3753,S: フライトソリューションズ
3758,S: アエリア
3760,S: ケイブ
3762,P: テクマトリックス
3763,P: プロシップ
3765,P: ガンホー・オンライン・エンターテイメント
3766,S: システムズ・デザイン
3768,S: リスクモンスター
3769,P: GMOペイメントゲートウェイ
3770,S: ザッパラス
3771,P: システムリサーチ
3772,S: ウェルス・マネジメント
3773,G: アドバンスト・メディア
3774,P: インターネットイニシアティブ
3776,S: ブロードバンドタワー
3777,G: 環境フレンドリーホールディングス
3778,P: さくらインターネット
3779,S: ジェイ・エスコムホールディングス
3787,S: テクノマセマティカル
3788,P: GMOグローバルサイン・ホールディングス
3791,S: IGポート
3793,G: ドリコム
3796,S: いい生活
3798,S: ULSグループ
3799,S: キーウェアソリューションズ
3800,S: ユニリタ
3802,S: エコミック
3803,G: イメージ情報開発
3804,S: システム ディ
3807,G: フィスコ
3810,S: サイバーステップ
3814,G: アルファクス・フード・システム
3815,G: メディア工房
3816,S: 大和コンピューター
3817,P: SRAホールディングス
3823,S: THE WHY HOW DO COMPANY
3825,S: リミックスポイント
3826,S: システムインテグレータ
3834,P: 朝日ネット
3835,P: eBASE
3836,P: アバントグループ
3837,P: アドソル日進
3839,S: ODKソリューションズ
3840,S: パス
3841,S: ジーダット
3842,G: ネクストジェン
3843,P: フリービット
3844,P: コムチュア
3845,S: アイフリークモバイル
3847,S: パシフィックシステム
3848,S: データ・アプリケーション
3850,S: エヌ・ティ・ティ・データ・イントラマート
3851,S: 日本一ソフトウェア
3853,P: アステリア
3854,P: アイル
3856,S: Abalance
3857,S: ラック
3858,S: ユビキタスAI
3861,P: 王子ホールディングス
3863,P: 日本製紙
3864,P: 三菱製紙
3865,P: 北越コーポレーション
3877,P: 中越パルプ工業
3878,S: 巴川コーポレーション
3880,P: 大王製紙
3891,S: ニッポン高度紙工業
3892,S: 岡山製紙
3895,S: ハビックス
3896,S: 阿波製紙
3900,G: クラウドワークス
3901,P: マークラインズ
3902,P: メディカル・データ・ビジョン
3903,P: gumi
3904,G: カヤック
3905,G: データセクション
3907,G: シリコンスタジオ
3908,G: コラボス
3909,S: ショーケース
3910,S: エムケイシステム
3911,G: Aiming
3912,S: モバイルファクトリー
3913,G: GreenBee
3914,G: JIG-SAW
3915,P: テラスカイ
3916,P: デジタル・インフォメーション・テクノロジー
3917,G: アイリッジ
3918,S: PCIホールディングス
3920,S: アイビーシー
3921,P: ネオジャパン
3922,P: PR TIMES
3923,P: ラクス
3924,P: ランドコンピュータ
3925,P: ダブルスタンダード
3926,P: オープンドア
3927,G: フーバーブレイン
3928,S: マイネット
3929,G: ソーシャルワイヤー
3930,G: はてな
3931,G: バリューゴルフ
3932,P: アカツキ
3933,S: チエル
3934,S: ベネフィットジャパン
3935,S: エディア
3936,G: グローバルウェイ
3937,P: Ubicomホールディングス
3939,P: カナミックネットワーク
3940,S: ノムラシステムコーポレーション
3941,P: レンゴー
3943,S: 大石産業
3944,S: 古林紙工
3945,S: スーパーバッグ
3946,P: トーモク
3947,S: ダイナパック
3948,S: 光ビジネスフォーム
3950,P: ザ・パック
3951,S: 朝日印刷
3953,S: 大村紙業
3954,S: 昭和パックス
3955,S: イムラ
3958,S: 笹徳印刷
3961,G: シルバーエッグ・テクノロジー
3962,P: チェンジホールディングス
3963,P: シンクロ・フード
3964,P: オークネット
3965,S: キャピタル・アセット・プランニング
3967,G: エルテス
3968,P: セグエグループ
3969,S: エイトレッド
3970,G: イノベーション
3974,S: SCAT
3976,G: シャノン
3978,P: マクロミル
3979,G: うるる
3981,S: ビーグリー
3983,P: オロ
3984,P: ユーザーローカル
3985,S: テモナ
3986,G: ビーブレイクシステムズ
3987,G: エコモット
3988,S: SYSホールディングス
3989,G: シェアリングテクノロジー
3990,G: UUUM
3991,G: ウォンテッドリー
3992,P: ニーズウェル
3993,P: PKSHA Technology
3994,P: マネーフォワード
3996,S: サインポスト
3997,S: トレードワークス
3998,G: すららネット
4004,P: レゾナック・ホールディングス
4005,P: 住友化学
4008,P: 住友精化
4011,G: ヘッドウォータース
4012,S: アクシス
4013,G: 勤次郎
4014,G: カラダノート
4015,G: ペイクラウドホールディングス
4016,S: MITホールディングス
4017,G: クリーマ
4019,G: スタメン
4020,G: ビートレンド
4021,P: 日産化学
4022,P: ラサ工業
4023,P: クレハ
4025,P: 多木化学
4026,S: 神島化学工業
4027,P: テイカ
4028,P: 石原産業
4031,S: 片倉コープアグリ
4040,S: 南海化学
4041,P: 日本曹達
4042,P: 東ソー
4043,P: トクヤマ
4044,P: セントラル硝子
4045,P: 東亞合成
4046,P: 大阪ソーダ
4047,P: 関東電化工業
4051,G: GMOフィナンシャルゲート
4052,G: フィーチャ
4053,P: Sun Asterisk
4054,G: 日本情報クリエイト
4055,G: ティアンドエスグループ
4056,G: ニューラルグループ
4057,G: インターファクトリー
4058,G: トヨクモ
4059,S: まぐまぐ
4060,G: rakumo
4061,P: デンカ
4062,P: イビデン
4063,P: 信越化学工業
4064,P: 日本カーバイド工業
4068,G: ベイシス
4069,G: BlueMeme
4071,P: プラスアルファ・コンサルティング
4072,P: 電算システムホールディングス
4073,G: ジィ・シィ企画
4074,G: ラキール
4075,G: ブレインズテクノロジー
4076,G: シイエヌエス
4078,P: 堺化学工業
4080,S: 田中化学研究所
4082,P: 第一稀元素化学工業
4088,P: エア・ウォーター
4091,P: 日本酸素ホールディングス
4092,P: 日本化学工業
4093,P: 東邦アセチレン
4094,S: 日本化学産業
4095,P: 日本パーカライジング
4097,P: 高圧ガス工業
4098,S: チタン工業
4099,P: 四国化成ホールディングス
4100,S: 戸田工業
4102,S: 丸尾カルシウム
4107,S: 伊勢化学工業
4109,P: ステラ ケミファ
4112,P: 保土谷化学工業
4113,S: 田岡化学工業
4114,P: 日本触媒
4116,P: 大日精化工業
4118,P: カネカ
4119,S: 日本ピグメントホールディングス
4120,S: スガイ化学工業
4124,S: 大阪油化工業
4125,S: 三和油化工業
4151,P: 協和キリン
4165,G: プレイド
4166,G: かっこ
4167,G: ココペリ
4168,G: ヤプリ
4169,G: ENECHANGE
4170,G: Kaizen Platform
4171,S: グローバルインフォメーション
4172,S: 東和ハイシステム
4173,G: WACUL
4174,S: アピリッツ
4175,G: coly
4176,G: ココナラ
4177,G: i‐plug
4178,G: Sharing Innovations
4179,G: ジーネクスト
4180,P: Appier Group
4182,P: 三菱瓦斯化学
4183,P: 三井化学
4186,P: 東京応化工業
4187,P: 大阪有機化学工業
4188,P: 三菱ケミカルグループ
4189,P: KHネオケム
4192,G: スパイダープラス
4193,S: ファブリカホールディングス
4194,P: ビジョナル
4196,S: ネオマーケティング
4197,S: アスマーク
4198,S: テンダ
4199,G: ワンダープラネット
4202,P: ダイセル
4203,P: 住友ベークライト
4204,P: 積水化学工業
4205,P: 日本ゼオン
4206,P: アイカ工業
4208,P: UBE
4212,P: 積水樹脂
4216,P: 旭有機材
4218,P: ニチバン
4220,P: リケンテクノス
4221,P: 大倉工業
4222,S: 児玉化学工業
4224,S: ロンシール工業
4228,P: 積水化成品工業
4229,P: 群栄化学工業
4231,S: タイガースポリマー
4234,S: サンエー化研
4235,S: ウルトラファブリックス・ホールディングス
4237,S: フジプレアム
4238,S: ミライアル
4240,G: クラスターテクノロジー
4241,S: アテクト
4242,S: タカギセイコー
4243,S: ニックス
4245,S: ダイキアクシス
4246,P: ダイキョーニシカワ
4247,S: ポバール興業
4248,S: 竹本容器
4249,P: 森六ホールディングス
4251,P: 恵和
4255,G: THECOO
4256,G: サインド
4258,G: 網屋
4259,G: エクサウィザーズ
4260,G: ハイブリッドテクノロジーズ
4261,G: アジアクエスト
4262,G: ニフティライフスタイル
4263,G: サスメド
4264,G: セキュア
4265,G: Institution for a Global Society
4267,G: ライトワークス
4270,G: BeeX
4272,P: 日本化薬
4274,S: 細谷火工
4275,P: カーリット
4284,S: ソルクシーズ
4286,S: CLホールディングス
4287,S: ジャストプランニング
4288,S: アズジェント
4290,P: プレステージ・インターナショナル
4293,S: セプテーニ・ホールディングス
4298,P: プロトコーポレーション
4299,S: ハイマックス
4301,P: アミューズ
4304,S: Eストアー
4307,P: 野村総合研究所
4308,G: Jストリーム
4310,P: ドリームインキュベータ
4316,G: ビーマップ
4317,S: レイ
4318,P: クイック
4319,S: TAC
4320,S: CEホールディングス
4323,P: 日本システム技術
4324,P: 電通グループ
4326,P: インテージホールディングス
4331,P: テイクアンドギヴ・ニーズ
4333,P: 東邦システムサイエンス
4334,S: ユークス
4335,S: アイ・ピー・エス
4337,P: ぴあ
4341,S: 西菱電機
4343,P: イオンファンタジー
4344,P: ソースネクスト
4345,P: シーティーエス
4346,S: NEXYZ.Group
4347,S: ブロードメディア
4350,S: メディカルシステムネットワーク
4351,S: 山田債権回収管理総合事務所
4356,S: 応用技術
4360,S: マナック・ケミカル・パートナーズ
4361,S: 川口化学工業
4362,P: 日本精化
4365,S: 松本油脂製薬
4366,S: ダイトーケミックス
4367,S: 広栄化学
4368,P: 扶桑化学工業
4369,P: トリケミカル研究所
4370,G: モビルス
4371,G: コアコンセプト・テクノロジー
4372,G: ユミルリンク
4373,P: シンプレクス・ホールディングス
4374,G: ROBOT PAYMENT
4375,G: セーフィー
4376,G: くふうカンパニーホールディングス
4377,G: ワンキャリア
4378,G: CINC
4379,G: Photosynth
4380,G: Mマート
4381,G: ビープラッツ
4382,S: HEROZ
4384,P: ラクスル
4385,P: メルカリ
4386,S: SIGグループ
4387,G: ZUU
4388,G: エーアイ
4389,G: プロパティデータバンク
4390,P: IPS
4391,G: ロジザード
4392,P: FIG
4393,G: バンク・オブ・イノベーション
4394,G: エクスモーション
4395,G: アクリート
4396,P: システムサポートホールディングス
4397,G: チームスピリット
4398,S: ブロードバンドセキュリティ
4401,P: ADEKA
4403,P: 日油
4404,S: ミヨシ油脂
4406,S: 新日本理化
4409,S: 東邦化学工業
4410,P: ハリマ化成グループ
4412,G: サイエンスアーツ
4413,G: ボードルア
4414,G: フレクト
4415,G: ブロードエンタープライズ
4416,G: True Data
4417,G: グローバルセキュリティエキスパート
4418,G: JDSC
4419,G: Finatextホールディングス
4420,S: イーソル
4421,S: ディ・アイ・システム
4422,G: VALUENEX
4424,G: Amazia
4425,G: Kudan
4427,G: EduLab
4428,G: シノプス
4429,G: リックソフト
4430,S: 東海ソフト
4431,G: スマレジ
4432,P: ウイングアーク1st
4433,P: ヒト・コミュニケーションズ・ホールディングス
4434,S: サーバーワークス
4435,G: カオナビ
4436,G: ミンカブ・ジ・インフォノイド
4437,G: gooddaysホールディングス
4438,G: Welby
4439,S: 東名
4440,S: ヴィッツ
4441,S: トビラシステムズ
4442,G: バルテス・ホールディングス
4443,P: Sansan
4444,G: インフォネット
4445,G: リビン・テクノロジーズ
4446,P: Link-Uグループ
4447,G: ピー・ビーシステムズ
4448,G: kubell
4449,P: ギフティ
4450,G: パワーソリューションズ
4452,P: 花王
4461,P: 第一工業製薬
4462,P: 石原ケミカル
4463,S: 日華化学
4464,S: ソフト99コーポレーション
4465,S: ニイタカ
4471,P: 三洋化成工業
4475,G: HENNGE
4476,G: AI CROSS
4477,G: BASE
4478,G: フリー
4479,G: マクアケ
4480,P: メドレー
4481,P: ベース
4482,G: ウィルズ
4483,P: JMDC
4484,G: ランサーズ
4486,G: ユナイトアンドグロウ
4487,G: スペースマーケット
4488,G: AI inside
4490,G: ビザスク
4491,S: コンピューターマネージメント
4492,S: ゼネテック
4493,G: サイバーセキュリティクラウド
4494,S: バリオセキュア
4495,G: アイキューブドシステムズ
4496,G: コマースOneホールディングス
4498,G: サイバートラスト
4499,S: Speee
4502,P: 武田薬品工業
4503,P: アステラス製薬
4506,P: 住友ファーマ
4507,P: 塩野義製薬
4512,S: わかもと製薬
4516,P: 日本新薬
4519,P: 中外製薬
4521,P: 科研製薬
4523,P: エーザイ
4524,S: 森下仁丹
4526,P: 理研ビタミン
4527,P: ロート製薬
4528,P: 小野薬品工業
4530,P: 久光製薬
4531,S: 有機合成薬品工業
4534,P: 持田製薬
4536,P: 参天製薬
4538,P: 扶桑薬品工業
4539,S: 日本ケミファ
4540,P: ツムラ
4543,P: テルモ
4544,P: H.U.グループホールディングス
4547,P: キッセイ薬品工業
4548,P: 生化学工業
4549,P: 栄研化学
4551,P: 鳥居薬品
4552,P: JCRファーマ
4553,P: 東和薬品
4554,P: 富士製薬工業
4556,S: カイノス
4558,S: 中京医薬品
4559,P: ゼリア新薬工業
4563,G: アンジェス
4564,G: オンコセラピー・サイエンス
4565,P: ネクセラファーマ
4568,P: 第一三共
4569,P: 杏林製薬
4570,G: 免疫生物研究所
4571,G: NANO MRNA
4572,G: カルナバイオサイエンス
4574,P: 大幸薬品
4575,G: キャンバス
4576,G: デ・ウエスタン・セラピテクス研究所
4577,P: ダイト
4578,P: 大塚ホールディングス
4579,G: ラクオリア創薬
4582,G: シンバイオ製薬
4583,G: カイオム・バイオサイエンス
4584,G: キッズウェル・バイオ
4586,G: メドレックス
4587,P: ペプチドリーム
4588,G: オンコリスバイオファーマ
4591,G: リボミック
4592,G: サンバイオ
4593,G: ヘリオス
4594,G: ブライトパス・バイオ
4595,S: ミズホメディー
4596,G: 窪田製薬ホールディングス
4597,G: ソレイジア・ファーマ
4598,G: Delta-Fly Pharma
4599,G: ステムリム
4611,P: 大日本塗料
4612,P: 日本ペイントホールディングス
4613,P: 関西ペイント
4615,S: 神東塗料
4616,S: 川上塗料
4617,P: 中国塗料
4619,S: 日本特殊塗料
4620,S: 藤倉化成
4623,S: アサヒペン
4624,S: イサム塗料
4625,S: アトミクス
4626,P: 太陽ホールディングス
4627,S: ナトコ
4628,S: エスケー化研
4629,S: 大伸化学
4631,P: DIC
4633,P: サカタインクス
4634,P: artience
4635,S: 東京インキ
4641,P: アルプス技研
4642,S: オリジナル設計
4644,S: イマジニア
4645,S: 市進ホールディングス
4650,S: SDエンターテイメント
4651,S: サニックス
4657,S: 環境管理センター
4658,P: 日本空調サービス
4659,S: エイジス
4661,P: オリエンタルランド
4662,P: フォーカスシステムズ
4664,S: アール・エス・シー
4665,P: ダスキン
4666,P: パーク24
4667,S: アイサンテクノロジー
4668,P: 明光ネットワークジャパン
4671,S: ファルコホールディングス
4673,S: 川崎地質
4674,P: クレスコ
4676,P: フジ・メディア・ホールディングス
4678,S: 秀英予備校
4679,S: 田谷
4680,P: ラウンドワン
4681,P: リゾートトラスト
4684,P: オービック
4685,S: 菱友システムズ
4686,P: ジャストシステム
4687,P: TDCソフト
4689,P: LINEヤフー
4690,S: 日本パレットプール
4691,S: ワシントンホテル
4694,P: ビー・エム・エル
4704,P: トレンドマイクロ
4705,S: クリップコーポレーション
4707,S: キタック
4709,P: IDホールディングス
4712,S: KeyHolder
4714,P: リソー教育
4716,S: 日本オラクル
4718,P: 早稲田アカデミー
4719,P: アルファシステムズ
4720,S: 城南進学研究社
4722,P: フューチャー
4725,P: CAC Holdings
4728,S: トーセ
4732,P: ユー・エス・エス
4733,P: オービックビジネスコンサルタント
4735,S: 京進
4736,S: 日本ラッド
4743,P: アイティフォー
4745,S: 東京個別指導学院
4746,S: 東計電算
4750,S: ダイサン
4751,P: サイバーエージェント
4752,S: 昭和システムエンジニアリング
4754,S: トスネット
4755,P: 楽天グループ
4760,S: アルファ
4761,S: さくらケーシーエス
4762,S: エックスネット
4763,P: クリーク・アンド・リバー社
4765,P: SBIグローバルアセットマネジメント
4766,S: ピーエイ
4767,S: テー・オー・ダブリュー
4768,P: 大塚商会
4769,S: IC
4771,S: エフアンドエム
4772,G: ストリームメディアコーポレーション
4776,P: サイボウズ
4777,S: ガーラ
4783,S: NCD
4784,P: GMOインターネット
4792,P: 山田コンサルティンググループ
4800,S: オリコン
4801,P: セントラルスポーツ
4809,P: パラカ
4811,G: ドリーム・アーツ
4812,P: 電通総研
4813,P: ACCESS
4814,S: ネクストウェア
4816,S: 東映アニメーション
4819,P: デジタルガレージ
4820,P: イーエムシステムズ
4825,P: ウェザーニューズ
4826,P: CIJ
4828,P: ビジネスエンジニアリング
4829,S: 日本エンタープライズ
4832,S: JFEシステムズ
4833,G: Def consulting
4838,S: スペースシャワーSKIYAKIホールディングス
4839,P: WOWOW
4840,G: トライアイズ
4845,P: スカラ
4847,P: インテリジェント ウェイブ
4848,P: フルキャストホールディングス
4849,P: エン・ジャパン
4880,P: セルソース
4881,G: ファンペップ
4882,G: ペルセウスプロテオミクス
4883,G: モダリス
4884,G: クリングルファーマ
4885,S: 室町ケミカル
4886,P: あすか製薬ホールディングス
4887,P: サワイグループホールディングス
4888,G: ステラファーマ
4889,G: レナサイエンス
4890,G: 坪田ラボ
4891,G: ティムス
4892,G: サイフューズ
4893,G: ノイルイミューン・バイオテック
4894,G: クオリプス
4896,G: ケイファーマ
4901,P: 富士フイルムホールディングス
4902,P: コニカミノルタ
4911,P: 資生堂
4912,P: ライオン
4914,P: 高砂香料工業
4917,P: マンダム
4918,S: アイビー化粧品
4919,P: ミルボン
4920,S: 日本色材工業研究所
4922,P: コーセー
4923,P: コタ
4925,S: ハーバー研究所
4926,S: シーボン
4927,P: ポーラ・オルビスホールディングス
4928,P: ノエビアホールディングス
4929,S: アジュバンホールディングス
4931,P: 新日本製薬
4932,S: アルマード
4933,P: I-ne
4934,G: プレミアアンチエイジング
4935,S: リベルタ
4936,P: アクシージア
4937,G: Waqoo
4951,P: エステー
4956,P: コニシ
4957,S: ヤスハラケミカル
4958,P: 長谷川香料
4960,S: ケミプロ化成
4966,S: 上村工業
4967,P: 小林製薬
4968,P: 荒川化学工業
4970,S: 東洋合成工業
4971,P: メック
4972,S: 綜研化学
4973,P: 日本高純度化学
4974,P: タカラバイオ
4975,P: JCU
4976,S: 東洋ドライルーブ
4977,S: 新田ゼラチン
4978,G: リプロセル
4979,S: OATアグリオ
4980,P: デクセリアルズ
4985,P: アース製薬
4990,S: 昭和化学工業
4992,S: 北興化学工業
4994,S: 大成ラミック
4996,P: クミアイ化学工業
4997,P: 日本農薬
4998,S: フマキラー
5009,S: 富士興産
5010,S: 日本精蝋
5011,P: ニチレキグループ
5013,S: ユシロ化学工業
5015,S: ビーピー・カストロール
5017,P: 富士石油
5018,S: MORESCO
5019,P: 出光興産
5020,P: ENEOSホールディングス
5021,P: コスモエネルギーホールディングス
5025,G: マーキュリー
5026,G: トリプルアイズ
5027,G: AnyMind Group
5028,G: セカンドサイトアナリティカ
5029,G: サークレイス
5031,G: モイ
5032,P: ANYCOLOR
5033,G: ヌーラボ
5034,G: unerry
5035,G: HOUSEI
5036,S: 日本ビジネスシステムズ
5038,G: eWeLL
5070,G: ドラフト
5071,S: ヴィス
5074,P: テスホールディングス
5076,P: インフロニア・ホールディングス
50765,P: インフロニア・ホールディングス第1回社債型種類株式
5078,S: セレコーポレーション
5079,S: ノバック
5101,P: 横浜ゴム
5103,S: 昭和ホールディングス
5105,P: TOYO TIRE
5108,P: ブリヂストン
5110,P: 住友ゴム工業
5121,P: 藤倉コンポジット
5122,P: オカモト
5125,G: ファインズ
5126,G: ポーターズ
5129,G: FIXER
5131,G: リンカーズ
5132,G: pluszero
5133,S: テリロジーホールディングス
5134,G: POPER
5136,G: tripla
5137,G: スマートドライブ
5138,G: Rebase
5139,G: オープンワーク
5142,P: アキレス
5161,S: 西川ゴム工業
5162,S: 朝日ラバー
5184,S: ニチリン
5185,P: フコク
5186,P: ニッタ
5187,S: クリエートメディック
5189,S: 櫻護謨
5191,P: 住友理工
5192,P: 三ツ星ベルト
5194,S: 相模ゴム工業
5195,P: バンドー化学
5199,S: 不二ラテックス
5201,P: AGC
5202,P: 日本板硝子
5204,S: 石塚硝子
5208,P: 有沢製作所
5210,S: 日本山村硝子
5214,P: 日本電気硝子
5216,S: 倉元製作所
5218,S: オハラ
5232,P: 住友大阪セメント
5233,P: 太平洋セメント
5237,S: ノザワ
5240,G: monoAI technology
5242,G: アイズ
5243,G: note
5244,G: jig.jp
5246,G: ELEMENTS
5247,G: BTM
5248,G: テクノロジーズ
5250,S: プライム・ストラテジー
5252,G: 日本ナレッジ
5253,G: カバー
5254,G: Arent
5255,G: モンスターラボホールディングス
5256,G: Fusic
5257,S: ノバシステム
5258,G: トランザクション・メディア・ネットワークス
5259,G: BBDイニシアティブ
5261,P: リソルホールディングス
5262,P: 日本ヒューム
5268,S: 旭コンクリート工業
5269,P: 日本コンクリート工業
5271,S: トーヨーアサノ
5273,S: 三谷セキサン
5277,S: スパンクリートコーポレーション
5279,S: 日本興業
5280,S: ヨシコン
5282,S: ジオスター
5283,S: 高見澤
5284,S: ヤマウホールディングス
5285,S: ヤマックス
5287,S: イトーヨーギョー
5288,P: アジアパイルホールディングス
5290,S: ベルテクスコーポレーション
5301,P: 東海カーボン
5302,P: 日本カーボン
5304,S: SECカーボン
5310,P: 東洋炭素
5331,P: ノリタケ
5332,P: TOTO
5333,P: 日本碍子
5334,P: 日本特殊陶業
5337,S: ダントーホールディングス
5341,S: ASAHI EITOホールディングス
5344,P: MARUWA
5351,P: 品川リフラクトリーズ
5352,P: 黒崎播磨
5355,S: 日本坩堝
5356,S: 美濃窯業
5357,P: ヨータイ
5363,S: 東京窯業
5367,S: ニッカトー
5368,S: 日本インシュレーション
5380,S: 新東
5381,S: Mipox
5384,P: フジミインコーポレーテッド
5386,S: 鶴弥
5388,S: クニミネ工業
5391,S: エーアンドエーマテリアル
5393,P: ニチアス
5401,P: 日本製鉄
5406,P: 神戸製鋼所
5408,P: 中山製鋼所
5410,P: 合同製鐵
5411,P: JFEホールディングス
5423,P: 東京製鐵
5440,P: 共英製鋼
5444,P: 大和工業
5445,P: 東京鐵鋼
5446,S: 北越メタル
5449,S: 大阪製鐵
5451,P: 淀川製鋼所
5458,S: 高砂鐵工
5461,P: 中部鋼鈑
5463,P: 丸一鋼管
5464,S: モリ工業
5471,P: 大同特殊鋼
5476,S: 日本高周波鋼業
5480,P: 日本冶金工業
5481,P: 山陽特殊製鋼
5482,P: 愛知製鋼
5484,S: 東北特殊鋼
5491,S: 日本金属
5527,G: property technologies
5532,G: リアルゲイト
5533,S: エリッツホールディングス
5535,P: ミガロホールディングス
5541,P: 大平洋金属
5542,S: 新報国マテリアル
5563,P: 新日本電工
5570,G: ジェノバ
5571,S: エキサイトホールディングス
5572,G: Ridge-i
5574,G: ABEJA
5575,G: Globee
5576,S: オービーシステム
5577,G: アイデミー
5578,G: ARアドバンストテクノロジ
5580,G: プロディライト
5582,G: グリッド
5585,G: エコナビスタ
5586,G: Laboro.AI
5587,G: インバウンドプラットフォーム
5588,G: ファーストアカウンティング
5589,S: オートサーバー
5590,G: ネットスターズ
5591,G: AVILEN
5592,G: くすりの窓口
5595,G: QPS研究所
5596,G: アウトルックコンサルティング
5597,G: ブルーイノベーション
5599,G: S＆J
5602,P: 栗本鐵工所
5603,S: 虹技
5609,S: 日本鋳造
5610,S: 大和重工
5612,S: 日本鋳鉄管
5616,G: 雨風太陽
5618,G: ナイル
5619,G: マーソ
5621,G: ヒューマンテクノロジーズ
5631,P: 日本製鋼所
5632,P: 三菱製鋼
5644,S: メタルアート
5658,S: 日亜鋼業
5659,P: 日本精線
5660,S: 神鋼鋼線工業
5695,S: パウダーテック
5697,S: サンユウ
5698,P: エンビプロ・ホールディングス
5699,S: イボキン
5702,P: 大紀アルミニウム工業所
5703,P: 日本軽金属ホールディングス
5704,G: JMC
5706,P: 三井金属鉱業
5707,P: 東邦亜鉛
5711,P: 三菱マテリアル
5713,P: 住友金属鉱山
5714,P: DOWAホールディングス
5715,P: 古河機械金属
5721,S: エス・サイエンス
5724,S: アサカ理研
5726,P: 大阪チタニウムテクノロジーズ
5727,P: 東邦チタニウム
5729,S: 日本精鉱
5741,P: UACJ
5742,S: エヌアイシ・オートテック
5753,S: 日本伸銅
5757,P: CKサンエツ
5801,P: 古河電気工業
5802,P: 住友電気工業
5803,P: フジクラ
5805,P: SWCC
5816,S: オーナンバ
5817,S: JMACS
5819,S: カナレ電気
5820,S: 三ッ星
5821,P: 平河ヒューテック
5830,P: いよぎんホールディングス
5831,P: しずおかフィナンシャルグループ
5832,P: ちゅうぎんフィナンシャルグループ
5834,G: SBIリーシングサービス
5838,P: 楽天銀行
5842,G: インテグラル
5843,S: ニッポンインシュア
5844,P: 京都フィナンシャルグループ
5845,S: 全保連
5851,P: リョービ
5852,P: アーレスティ
5856,S: エルアイイーエイチ
5857,P: AREホールディングス
5858,G: STG
5867,G: エスネットワークス
5868,S: ロココ
5869,S: 早稲田学習研究会
5870,G: ナルネットコミュニケーションズ
5871,S: SOLIZE
5884,G: クラダシ
5885,S: ジーデップ・アドバンス
5888,G: DAIWA CYCLE
5889,S: Japan Eyewear Holdings
5891,S: 魁力屋
5892,G: yutori
5900,S: ダイケン
5901,P: 東洋製罐グループホールディングス
5902,P: ホッカンホールディングス
5903,S: シンポ
5905,S: 日本製罐
5906,S: エムケー精工
5909,S: コロナ
5911,P: 横河ブリッジホールディングス
5915,P: 駒井ハルテック
5918,S: 瀧上工業
5921,S: 川岸工業
5922,S: 那須電機鉄工
5923,S: 高田機工
5928,S: アルメタックス
5929,P: 三和ホールディングス
5930,P: 文化シヤッター
5932,P: 三協立山
5933,P: アルインコ
5935,S: 元旦ビューティ工業
5936,S: 東洋シヤッター
5938,P: LIXIL
5939,S: 大谷工業
5940,S: 不二サッシ
5941,S: 中西製作所
5942,S: 日本フイルコン
5943,P: ノーリツ
5945,S: 天龍製鋸
5946,P: 長府製作所
5947,P: リンナイ
5949,P: ユニプレス
5950,S: 日本パワーファスニング
5951,S: ダイニチ工業
5952,S: アマテイ
5955,S: ワイズホールディングス
5956,S: トーソー
5957,P: 日東精工
5958,S: 三洋工業
5959,P: 岡部
5962,S: 浅香工業
5965,S: フジマック
5966,S: 京都機械工具
5967,S: TONE
5969,S: ロブテックス
5970,P: ジーテクト
5971,S: 共和工業所
5973,S: トーアミ
5974,S: 中国工業
5975,P: 東プレ
5976,P: 高周波熱錬
5981,P: 東京製綱
5982,S: マルゼン
5983,S: イワブチ
5984,S: 兼房
5985,S: サンコール
5986,S: モリテック スチール
5987,S: オーネックス
5988,P: パイオラックス
5989,P: エイチワン
5990,S: スーパーツール
5991,P: 日本発條
5992,S: 中央発條
5994,S: ファインシンター
5997,S: 協立エアテック
5998,S: アドバネクス
6005,P: 三浦工業
6013,P: タクマ
6016,S: ジャパンエンジンコーポレーション
6018,S: 阪神内燃機工業
6022,S: 赤阪鐵工所
6023,S: ダイハツディーゼル
6026,G: GMO TECH
6027,G: 弁護士ドットコム
6028,P: テクノプロ・ホールディングス
6029,S: アトラグループ
6030,G: アドベンチャー
6031,G: ZETA
6033,G: エクストリーム
6034,G: MRT
6035,P: アイ・アールジャパンホールディングス
6036,P: KeePer技研
6037,S: 楽待
6038,G: イード
6039,G: 日本動物高度医療センター
6040,G: 日本スキー場開発
6042,S: ニッキ
6044,S: 三機サービス
6045,G: レントラックス
6046,G: リンクバル
6047,P: Gunosy
6048,S: デザインワン・ジャパン
6049,G: イトクロ
6050,P: イー・ガーディアン
6054,S: リブセンス
6055,P: ジャパンマテリアル
6058,P: ベクトル
6059,S: ウチヤマホールディングス
6060,S: こころネット
6061,S: ユニバーサル園芸社
6062,P: チャーム・ケア・コーポレーション
6063,S: 日本エマージェンシーアシスタンス
6069,G: トレンダーズ
6070,P: キャリアリンク
6071,P: IBJ
6072,G: 地盤ネットホールディングス
6073,P: アサンテ
6074,S: ジェイエスエス
6078,P: バリューHR
6080,P: M＆Aキャピタルパートナーズ
6081,G: アライドアーキテクツ
6082,S: ライドオンエクスプレスホールディングス
6083,S: ERIホールディングス
6085,G: アーキテクツ・スタジオ・ジャパン
6086,G: シンメンテホールディングス
6087,S: アビスト
6088,P: シグマクシス・ホールディングス
6089,P: ウィルグループ
6090,G: ヒューマン・メタボローム・テクノロジーズ
6091,S: ウエスコホールディングス
6092,S: エンバイオ・ホールディングス
6093,S: エスクロー・エージェント・ジャパン
6094,G: フリークアウト・ホールディングス
6095,P: メドピア
6096,S: レアジョブ
6098,P: リクルートホールディングス
6099,P: エラン
6101,P: ツガミ
6103,P: オークマ
6104,P: 芝浦機械
6113,P: アマダ
6118,P: アイダエンジニアリング
6125,S: 岡本工作機械製作所
6131,S: 浜井産業
6134,P: FUJI
6135,P: 牧野フライス製作所
6136,P: オーエスジー
6137,S: 小池酸素工業
6138,S: ダイジェット工業
6140,P: 旭ダイヤモンド工業
6141,P: DMG森精機
6143,P: ソディック
6144,S: 西部電機
6145,S: NITTOKU
6146,P: ディスコ
6147,S: ヤマザキ
6149,S: 小田原エンジニアリング
6150,S: タケダ機械
6151,P: 日東工器
6155,S: 高松機械工業
6156,S: エーワン精密
6157,P: 日進工具
6158,S: 和井田製作所
6159,S: ミクロン精密
6161,S: エスティック
6164,S: 太陽工機
6165,S: パンチ工業
6166,G: 中村超硬
6167,P: 冨士ダイス
6171,S: 土木管理総合試験所
6173,G: アクアライン
6176,G: ブランジスタ
6177,G: AppBank
6178,P: 日本郵政
6180,G: GMOメディア
6181,G: タメニー
6182,G: メタリアル
6183,P: ベルシステム24ホールディングス
6184,P: 鎌倉新書
6185,S: SMN
6186,S: 一蔵
6189,S: グローバルキッズCOMPANY
6190,G: フェニックスバイオ
6191,P: エアトリ
6193,G: バーチャレクス・ホールディングス
6194,P: アトラエ
6195,G: ホープ
6196,P: ストライク
6197,P: ソラスト
6198,G: キャリア
6199,S: セラク
6200,P: インソース
6201,P: 豊田自動織機
6203,S: 豊和工業
6208,S: 石川製作所
6209,P: リケンNPR
6210,S: 東洋機械金属
6217,S: 津田駒工業
6218,S: エンシュウ
6222,P: 島精機製作所
6223,S: 西部技研
6224,G: JRC
6226,S: 守谷輸送機工業
6227,S: AIメカテック
6228,S: ジェイ・イー・ティ
6229,S: オーケーエム
6230,S: SANEI
6231,S: 木村工機
6232,G: ACSL
6233,S: KLASS
6235,P: オプトラン
6237,P: イワキポンプ
6238,P: フリュー
6239,S: ナガオカ
6240,P: ヤマシンフィルタ
6245,S: ヒラノテクシード
6246,S: テクノスマート
6247,P: 日阪製作所
6248,S: 横田製作所
6249,S: ゲームカード・ジョイコホールディングス
6250,P: やまびこ
6254,P: 野村マイクロ・サイエンス
6255,G: エヌ・ピー・シー
6257,S: 藤商事
6258,P: 平田機工
6262,P: PEGASUS
6264,P: マルマエ
6265,S: コンバム
6266,P: タツモ
6267,S: ゼネラルパッカー
6268,P: ナブテスコ
6269,P: 三井海洋開発
6272,P: レオン自動機
6273,P: SMC
6276,S: シリウスビジョン
6277,P: ホソカワミクロン
6278,P: ユニオンツール
6279,P: 瑞光
6282,P: オイレス工業
6284,P: 日精エー・エス・ビー機械
6286,S: 靜甲
6287,P: サトーホールディングス
6289,P: 技研製作所
6291,S: 日本エアーテック
6292,S: カワタ
6293,P: 日精樹脂工業
6294,P: オカダアイヨン
6297,S: 鉱研工業
6298,P: ワイエイシイホールディングス
6301,P: 小松製作所
6302,P: 住友重機械工業
6305,P: 日立建機
6306,P: 日工
6307,S: サンセイ
6309,P: 巴工業
6310,P: 井関農機
6312,S: フロイント産業
6315,P: TOWA
6316,S: 丸山製作所
6317,S: 北川鉄工所
6319,S: シンニッタン
6322,S: タクミナ
6323,P: ローツェ
6324,S: ハーモニック・ドライブ・システムズ
6325,S: タカキタ
6326,P: クボタ
6327,S: 北川精機
6328,P: 荏原実業
6330,P: 東洋エンジニアリング
6331,P: 三菱化工機
6332,P: 月島ホールディングス
6333,P: 帝国電機製作所
6334,S: 明治機械
6335,S: 東京機械製作所
6336,S: 石井表記
6337,S: テセック
6338,S: タカトリ
6339,P: 新東工業
6340,P: 澁谷工業
6342,S: 太平製作所
6343,S: フリージア・マクロス
6345,P: アイチ コーポレーション
6346,S: キクカワエンタープライズ
6347,S: プラコー
6349,P: 小森コーポレーション
6351,P: 鶴見製作所
6356,S: 日本ギア工業
6357,S: 三精テクノロジーズ
6358,P: 酒井重工業
6360,S: 東京自働機械製作所
6361,P: 荏原製作所
6363,P: 酉島製作所
6364,P: 北越工業
6365,S: 電業社機械製作所
6366,S: 千代田化工建設
6367,P: ダイキン工業
6368,P: オルガノ
6369,P: トーヨーカネツ
6370,P: 栗田工業
6371,P: 椿本チエイン
6373,S: 大同工業
6376,P: 日機装
6378,S: 木村化工機
6379,P: レイズネクスト
6380,S: オリエンタルチエン工業
6381,P: アネスト岩田
6382,S: トリニティ工業
6383,P: ダイフク
6384,S: 昭和真空
6387,P: サムコ
6390,P: 加藤製作所
6391,S: 加地テック
6392,S: ヤマダコーポレーション
6393,S: 油研工業
6395,P: タダノ
6396,S: 宇野澤組鐵工所
6400,S: 不二精機
6402,S: 兼松エンジニアリング
6403,S: 水道機工
6405,S: 鈴茂器工
6406,P: フジテック
6407,P: CKD
6408,S: 小倉クラッチ
6411,S: 中野冷機
6412,P: 平和
6413,P: 理想科学工業
6416,S: 桂川電機
6417,P: SANKYO
6418,P: 日本金銭機械
6419,P: マースグループホールディングス
6420,P: フクシマガリレイ
6424,S: 高見沢サイバネティックス
6425,S: ユニバーサルエンターテインメント
6428,S: オーイズミ
6430,P: ダイコク電機
6432,P: 竹内製作所
6433,S: ヒーハイスト
6436,P: アマノ
6440,P: JUKI
6444,S: サンデン
6445,P: ジャノメ
6448,P: ブラザー工業
6454,P: マックス
6455,P: モリタホールディングス
6457,P: グローリー
6458,P: 新晃工業
6459,P: 大和冷機工業
6460,P: セガサミーホールディングス
6463,P: TPR
6464,P: ツバキ・ナカシマ
6465,P: ホシザキ
6466,S: TVE
6467,S: ニチダイ
6469,S: 放電精密加工研究所
6470,S: 大豊工業
6471,P: 日本精工
6472,P: NTN
6473,P: ジェイテクト
6474,P: 不二越
6479,P: ミネベアミツミ
6480,P: 日本トムソン
6481,P: THK
6482,S: ユーシン精機
6484,S: KVK
6485,S: 前澤給装工業
6486,P: イーグル工業
6488,S: ヨシタケ
6489,S: 前澤工業
6490,P: PILLAR
6492,S: 岡野バルブ製造
6493,S: NITTAN
6494,S: NFKホールディングス
6495,S: 宮入バルブ製作所
6496,S: 中北製作所
6497,S: ハマイ
6498,P: キッツ
6501,P: 日立製作所
6503,P: 三菱電機
6504,P: 富士電機
6505,S: 東洋電機製造
6506,P: 安川電機
6507,P: シンフォニアテクノロジー
6508,P: 明電舎
6513,S: オリジン
6516,P: 山洋電気
6517,P: デンヨー
6518,S: 三相電機
6521,G: オキサイド
6522,G: アスタリスク
6523,P: PHCホールディングス
6524,S: 湖北工業
6525,P: KOKUSAI ELECTRIC
6526,P: ソシオネクスト
6532,P: ベイカレント
6533,P: Orchestra Holdings
6535,P: アイモバイル
6537,G: WASHハウス
6538,S: ディスラプターズ
6539,P: MS-Japan
6540,S: 船場
6542,S: FCホールディングス
6543,S: 日宣
6544,P: ジャパンエレベーターサービスホールディングス
6545,G: インターネットインフィニティー
6546,S: フルテック
6547,S: グリーンズ
6548,G: 旅工房
6549,S: ディーエムソリューションズ
6550,G: Unipos
6551,S: ツナググループ・ホールディングス
6552,S: GameWith
6554,G: エスユーエス
6555,S: MS＆Consulting
6557,G: AIAIグループ
6558,G: クックビズ
6560,P: エル・ティー・エス
6561,G: HANATOUR JAPAN
6562,G: ジーニー
6563,G: みらいワークス
6564,P: ミダックホールディングス
6565,S: ABホテル
6566,S: 要興業
6568,G: 神戸天然物化学
6570,S: 共和コーポレーション
6571,P: キュービーネットホールディングス
6572,P: オープングループ
6573,G: アジャイルメディア・ネットワーク
6574,G: コンヴァノ
6577,G: ベストワンドットコム
6578,S: コレックホールディングス
6579,G: ログリー
6580,G: ライトアップ
6584,P: 三櫻工業
6586,P: マキタ
6588,P: 東芝テック
6590,P: 芝浦メカトロニクス
6592,P: マブチモーター
6594,P: ニデック
6597,G: HPCシステムズ
6599,S: エブレン
6612,G: バルミューダ
6613,G: QDレーザ
6614,S: シキノハイテック
6615,P: ユー・エム・シー・エレクトロニクス
6616,P: トレックス・セミコンダクター
6617,P: 東光高岳
6619,P: ダブル・スコープ
6620,P: 宮越ホールディングス
6622,P: ダイヘン
6625,S: JALCOホールディングス
6626,S: SEMITEC
6627,S: テラプローブ
6629,S: テクノホライゾン
6630,P: ヤーマン
6632,P: JVCケンウッド
6633,S: C＆Gシステムズ
6634,S: ネクスグループ
6635,S: 大日光・エンジニアリング
6637,S: 寺崎電気産業
6638,P: ミマキエンジニアリング
6640,P: I-PEX
6643,S: 戸上電機製作所
6644,P: 大崎電気工業
6645,P: オムロン
6647,S: 森尾電機
6648,S: かわでん
6651,P: 日東工業
6652,P: IDEC
6653,P: 正興電機製作所
6654,S: 不二電機工業
6656,S: インスペック
6658,S: シライ電子工業
6659,S: メディアリンクス
6662,S: ユビテック
6663,S: 太洋テクノレックス
6664,S: オプトエレクトロニクス
6666,S: リバーエレテック
6668,S: アドテック プラズマ テクノロジー
6670,S: MCJ
6674,P: ジーエス・ユアサ コーポレーション
6675,S: サクサ
6676,S: メルコホールディングス
6677,S: エスケーエレクトロニクス
6678,S: テクノメディカ
6694,S: ズーム
6696,G: トラース・オン・プロダクト
6699,P: ダイヤモンドエレクトリックホールディングス
6701,P: 日本電気
6702,P: 富士通
6703,P: 沖電気工業
6706,P: 電気興業
6707,P: サンケン電気
6715,S: ナカヨ
6718,P: アイホン
6721,S: ウインテスト
6723,P: ルネサスエレクトロニクス
6724,P: セイコーエプソン
6727,P: ワコム
6728,P: アルバック
6730,S: アクセル
6731,S: ピクセラ
6734,S: ニューテック
6736,S: サン電子
6737,P: EIZO
6740,P: ジャパンディスプレイ
6741,P: 日本信号
6742,P: 京三製作所
6743,S: 大同信号
6744,P: 能美防災
6745,P: ホーチキ
6748,S: 星和電機
6750,P: エレコム
6752,P: パナソニック ホールディングス
6753,P: シャープ
6754,P: アンリツ
6755,P: 富士通ゼネラル
6757,S: OSGコーポレーション
6758,P: ソニーグループ
6762,P: TDK
6763,P: 帝国通信工業
6768,P: タムラ製作所
6769,S: ザインエレクトロニクス
6770,P: アルプスアルパイン
6771,S: 池上通信機
6772,S: 東京コスモス電機
6775,S: TBグループ
6776,S: 天昇電気工業
6777,S: santec Holdings
6778,S: アルチザネットワークス
6779,P: 日本電波工業
6785,P: 鈴木
6786,S: RVH
6787,P: メイコー
6788,P: 日本トリム
6794,P: フォスター電機
6797,S: 名古屋電機工業
6798,P: SMK
6800,P: ヨコオ
6803,S: ティアック
6804,P: ホシデン
6806,P: ヒロセ電機
6807,P: 日本航空電子工業
6809,P: TOA
6810,P: マクセル
6814,P: 古野電気
6817,P: スミダコーポレーション
6819,S: 伊豆シャボテンリゾート
6820,P: アイコム
6822,S: 大井電気
6823,P: リオン
6824,S: 新コスモス電機
6832,S: アオイ電子
6834,S: 精工技研
6835,S: アライドテレシスホールディングス
6836,S: ぷらっとホーム
6837,S: 京写
6838,S: 多摩川ホールディングス
6840,S: AKIBAホールディングス
6841,P: 横河電機
6844,P: 新電元工業
6845,P: アズビル
6848,S: 東亜ディーケーケー
6849,P: 日本光電工業
6850,P: チノー
6853,S: 共和電業
6855,S: 日本電子材料
6856,P: 堀場製作所
6857,P: アドバンテスト
6858,S: 小野測器
6859,P: エスペック
6861,P: キーエンス
6862,S: ミナトホールディングス
6863,S: ニレコ
6864,S: エヌエフホールディングス
6866,P: 日置電機
6867,S: リーダー電子
6869,P: シスメックス
6870,S: 日本フェンオール
6871,P: 日本マイクロニクス
6874,S: 協立電機
6875,P: メガチップス
6877,S: OBARA GROUP
6879,P: IMAGICA GROUP
6882,S: 三社電機製作所
6888,S: アクモス
6890,S: フェローテックホールディングス
6894,S: パルステック工業
6897,S: ツインバード
6898,S: トミタ電機
6899,S: ASTI
6901,S: 澤藤電機
6902,P: デンソー
6904,S: 原田工業
6905,P: コーセル
6907,S: ジオマテック
6908,P: イリソ電子工業
6912,S: 菊水ホールディングス
6914,P: オプテックスグループ
6915,S: 千代田インテグレ
6918,S: アバールデータ
6919,S: ケル
6920,P: レーザーテック
6923,P: スタンレー電気
6925,P: ウシオ電機
6926,S: 岡谷電機産業
6927,S: ヘリオス テクノ ホールディング
6928,P: エノモト
6929,P: 日本セラミック
6930,S: 日本アンテナ
6932,S: 遠藤照明
6937,P: 古河電池
6941,P: 山一電機
6942,S: ソフィアホールディングス
6943,S: NKKスイッチズ
6946,S: 日本アビオニクス
6947,P: 図研
6951,P: 日本電子
6952,P: カシオ計算機
6954,P: ファナック
6955,S: FDK
6957,S: 芝浦電子
6958,P: 日本シイエムケイ
6960,S: フクダ電子
6961,P: エンプラス
6962,P: 大真空
6963,P: ローム
6964,S: サンコー
6965,P: 浜松ホトニクス
6966,P: 三井ハイテック
6967,P: 新光電気工業
6969,S: 松尾電機
6971,P: 京セラ
6973,S: 協栄産業
6976,P: 太陽誘電
6977,S: 日本抵抗器製作所
6981,P: 村田製作所
6982,S: リード
6986,P: 双葉電子工業
6988,P: 日東電工
6989,S: 北陸電気工業
6993,S: 大黒屋ホールディングス
6994,S: 指月電機製作所
6995,P: 東海理化電機製作所
6996,P: ニチコン
6997,P: 日本ケミコン
6998,S: 日本タングステン
6999,P: KOA
7003,P: 三井E＆S
7004,P: カナデビア
7011,P: 三菱重工業
7012,P: 川崎重工業
7013,P: IHI
7014,S: 名村造船所
7018,S: 内海造船
7021,S: ニッチツ
7022,S: サノヤスホールディングス
7030,S: スプリックス
7031,G: インバウンドテック
7033,P: マネジメントソリューションズ
7034,P: プロレド・パートナーズ
7035,S: and factory
7036,G: イーエムネットジャパン
7037,S: テノ.ホールディングス
7038,P: フロンティア・マネジメント
7039,G: ブリッジインターナショナル
7040,S: サン・ライフホールディング
7041,G: CRGホールディングス
7042,S: アクセスグループ・ホールディングス
7043,G: アルー
7044,S: ピアラ
7046,G: TDSE
7047,G: ポート
7048,G: ベルトラ
7049,G: 識学
7050,G: フロンティアインターナショナル
7057,S: エヌ・シー・エヌ
7058,S: 共栄セキュリティーサービス
7059,P: コプロ・ホールディングス
7060,S: ギークス
7061,G: 日本ホスピスホールディングス
7062,G: フレアス
7063,G: Birdman
7064,G: ハウテレビジョン
7065,S: ユーピーアール
7066,G: ピアズ
7067,G: ブランディングテクノロジー
7068,G: フィードフォースグループ
7069,G: サイバー・バズ
7071,P: アンビスホールディングス
7072,G: インティメート・マージャー
7073,G: ジェイック
7074,G: トゥエンティーフォーセブン
7075,G: QLSホールディングス
7077,G: ALiNKインターネット
7078,G: INCLUSIVE
7079,G: WDBココ
7080,G: スポーツフィールド
7081,S: コーユーレンティア
7082,G: ジモティー
7083,G: AHCグループ
7084,G: Smile Holdings
7085,P: カーブスホールディングス
7087,S: ウイルテック
7088,P: フォーラムエンジニアリング
7089,G: フォースタートアップス
7090,G: リグア
7091,G: リビングプラットフォーム
7092,P: Fast Fitness Japan
7093,G: アディッシュ
7094,G: NexTone
7095,P: Macbee Planet
7096,G: ステムセル研究所
7097,G: さくらさくプラス
7102,P: 日本車輌製造
7105,S: 三菱ロジスネクスト
7110,G: クラシコム
7111,S: INEST
7112,G: キューブ
7114,G: フーディソン
7115,S: アルファパーチェス
7116,S: ダイワ通信
7119,G: ハルメクホールディングス
7120,S: SHINKO
7122,S: 近畿車輛
7126,S: グローバルスタイル
7127,S: 一家ホールディングス
7128,P: フルサト・マルカホールディングス
7129,S: ミアヘルサホールディングス
7130,P: ヤマエグループホールディングス
7131,S: のむら産業
7133,G: HYUGA PRIMARY CARE
7134,S: アップガレージグループ
7135,S: ジャパンクラフトホールディングス
7138,G: TORICO
7140,G: ペットゴー
7148,P: FPG
7150,S: 島根銀行
7157,G: ライフネット生命保険
7161,S: じもとホールディングス
7162,S: アストマックス
7163,S: 住信SBIネット銀行
7164,P: 全国保証
7167,P: めぶきフィナンシャルグループ
7172,P: ジャパンインベストメントアドバイザー
7173,P: 東京きらぼしフィナンシャルグループ
7175,S: 今村証券
7177,S: GMOフィナンシャルホールディングス
7180,P: 九州フィナンシャルグループ
7181,P: かんぽ生命保険
7182,P: ゆうちょ銀行
7183,S: あんしん保証
7184,P: 富山第一銀行
7185,S: ヒロセ通商
7186,P: コンコルディア・フィナンシャルグループ
7187,P: ジェイリース
7189,P: 西日本フィナンシャルホールディングス
7191,S: イントラスト
7192,S: 日本モーゲージサービス
7196,S: Casa
7198,P: SBIアルヒ
7199,P: プレミアグループ
7201,P: 日産自動車
7202,P: いすゞ自動車
7203,P: トヨタ自動車
7205,P: 日野自動車
7208,S: カネミツ
7211,P: 三菱自動車工業
7212,S: エフテック
7213,S: レシップホールディングス
7214,S: GMB
7215,S: ファルテック
7217,S: テイン
7218,S: 田中精密工業
7219,S: エッチ・ケー・エス
7220,P: 武蔵精密工業
7222,S: 日産車体
7224,P: 新明和工業
7226,P: 極東開発工業
7228,S: デイトナ
7229,S: ユタカ技研
7231,P: トピー工業
7235,S: 東京ラヂエーター製造
7236,P: ティラド
7238,P: 曙ブレーキ工業
7239,P: タチエス
7240,P: NOK
7241,P: フタバ産業
7242,P: カヤバ
7244,P: 市光工業
7245,P: 大同メタル工業
7246,P: プレス工業
7247,S: ミクニ
7250,P: 太平洋工業
7254,S: ユニバンス
7255,S: 桜井製作所
7256,S: 河西工業
7259,P: アイシン
7261,P: マツダ
7264,S: ムロコーポレーション
7265,S: エイケン工業
7266,S: 今仙電機製作所
7267,P: 本田技研工業
7268,S: タツミ
7269,P: スズキ
7270,P: SUBARU
7271,S: 安永
7272,P: ヤマハ発動機
7273,S: イクヨ
7276,P: 小糸製作所
7277,S: TBK
7278,P: エクセディ
7279,S: ハイレックスコーポレーション
7280,P: ミツバ
7282,P: 豊田合成
7283,P: 愛三工業
7284,S: 盟和産業
7287,S: 日本精機
7291,S: 日本プラスト
7292,S: 村上開明堂
7294,P: ヨロズ
7296,P: エフ・シー・シー
7297,S: カーメイト
7299,S: フジオーゼックス
7305,S: 新家工業
7309,P: シマノ
7313,P: テイ・エス テック
7314,S: 小田原機器
7317,G: 松屋アールアンドディ
7318,G: セレンディップ・ホールディングス
7320,G: Solvvy
7322,P: 三十三フィナンシャルグループ
7325,G: アイリックコーポレーション
7326,G: SBIインシュアランスグループ
7327,P: 第四北越フィナンシャルグループ
7337,P: ひろぎんホールディングス
7342,G: ウェルスナビ
7343,G: ブロードマインド
7345,G: アイ・パートナーズフィナンシャル
7347,P: マーキュリアホールディングス
7350,P: おきなわフィナンシャルグループ
7351,G: グッドパッチ
7352,G: TWOSTONE＆Sons
7353,G: KIYOラーニング
7354,P: ダイレクトマーケティングミックス
7356,G: Retty
7357,S: ジオコード
7358,S: ポピンズ
7359,G: 東京通信グループ
7360,G: オンデック
7361,G: ヒューマンクリエイションホールディングス
7362,G: T.S.I
7363,G: ベビーカレンダー
7366,P: LITALICO
7367,S: セルム
7368,S: 表示灯
7369,G: メイホーホールディングス
7370,G: Enjin
7371,G: Zenken
7372,G: デコルテ・ホールディングス
7373,G: アイドマ・ホールディングス
7374,G: コンフィデンス・インターワークス
7375,G: リファインバースグループ
7376,G: BCC
7377,S: DNホールディングス
7378,G: アシロ
7379,G: サーキュレーション
7380,P: 十六フィナンシャルグループ
7381,P: 北國フィナンシャルホールディングス
7383,P: ネットプロテクションズホールディングス
7384,P: プロクレアホールディングス
7386,G: ジャパンワランティサポート
7388,P: FPパートナー
7389,P: あいちフィナンシャルグループ
7399,S: ナンシン
7408,P: ジャムコ
7409,G: AeroEdge
7412,S: アトム
7413,S: 創健社
7414,P: 小野建
7416,S: はるやまホールディングス
7417,S: 南陽
7419,P: ノジマ
7420,P: 佐鳥電機
7421,P: カッパ・クリエイト
7422,S: 東邦レマック
7425,S: 初穂商事
7426,S: 山大
7427,S: エコートレーディング
7433,P: 伯東
7434,S: オータケ
7435,S: ナ・デックス
7438,P: コンドーテック
7442,S: 中山福
7443,S: 横浜魚類
7444,S: ハリマ共和物産
7445,S: ライトオン
7446,S: 東北化学薬品
7447,P: ナガイレーベン
7450,S: サンデー
7451,S: 三菱食品
7453,P: 良品計画
7455,S: パリミキホールディングス
7456,P: 松田産業
7458,P: 第一興商
7459,P: メディパルホールディングス
7460,S: ヤギ
7461,S: キムラ
7462,S: CAPITA
7463,S: アドヴァングループ
7464,S: セフテック
7466,P: SPK
7467,P: 萩原電気ホールディングス
7472,S: 鳥羽洋行
7475,P: アルビス
7476,P: アズワン
7477,S: ムラキ
7480,S: スズデン
7481,S: 尾家産業
7482,P: シモジマ
7483,P: ドウシシャ
7486,S: サンリン
7487,S: 小津産業
7490,S: 日新商事
7494,S: コナカ
7500,S: 西川計測
7501,S: ティムコ
7502,S: プラザホールディングス
7504,P: 高速
7505,S: 扶桑電通
7506,S: ハウス オブ ローゼ
7508,P: G‐7ホールディングス
7509,S: アイエーグループ
7510,P: たけびし
7512,S: イオン北海道
7513,P: コジマ
7514,S: ヒマラヤ
7515,S: マルヨシセンター
7516,P: コーナン商事
7518,P: ネットワンシステムズ
7520,P: エコス
7521,S: ムサシ
7522,P: ワタミ
7523,S: アールビバン
7524,S: マルシェ
7525,P: リックス
7527,S: システムソフト
7531,S: 清和中央ホールディングス
7532,P: パン・パシフィック・インターナショナルホールディングス
7537,P: 丸文
7538,S: 大水
7539,S: アイナボホールディングス
7544,S: スリーエフ
7545,P: 西松屋チェーン
7550,P: ゼンショーホールディングス
7551,S: ウェッズ
7552,P: ハピネット
7554,P: 幸楽苑
7555,S: 大田花き
7559,S: ジーエフシー
7561,S: ハークスレイ
7562,S: 安楽亭
7564,S: ワークマン
7565,S: 萬世電機
7567,S: 栄電子
7570,S: 橋本総業ホールディングス
7571,S: ヤマノホールディングス
7575,P: 日本ライフライン
7578,S: ニチリョク
7581,P: サイゼリヤ
7585,S: かんなん丸
7590,S: タカショー
7593,P: VTホールディングス
7595,P: アルゴグラフィックス
7596,P: 魚力
7599,P: IDOM
7600,P: 日本エム・ディ・エム
7601,S: ポプラ
7602,S: レダックス
7603,S: マックハウス
7604,S: 梅の花
7605,P: フジ・コーポレーション
7606,P: ユナイテッドアローズ
7607,P: 進和
7608,S: エスケイジャパン
7609,P: ダイトロン
7610,S: テイツー
7611,P: ハイデイ日高
7613,P: シークス
7614,S: オーエムツーネットワーク
7615,S: 京都きもの友禅ホールディングス
7616,P: コロワイド
7619,S: 田中商事
7621,S: うかい
7623,S: サンオータス
7624,S: NaITO
7625,S: グローバルダイニング
7628,P: オーハシテクニカ
7630,P: 壱番屋
7634,S: 星医療酸器
7635,S: 杉田エース
7636,S: ハンズマン
7637,P: 白銅
7638,S: NEW ART HOLDINGS
7640,S: トップカルチャー
7643,S: ダイイチ
7646,S: PLANT
7649,P: スギホールディングス
7670,S: オーウエル
7673,S: ダイコー通産
7674,G: NATTY SWANKYホールディングス
7677,S: ヤシマキザイ
7678,S: あさくま
7679,P: 薬王堂ホールディングス
7681,S: レオクラン
7682,S: 浜木綿
7683,P: ダブルエー
7685,G: BuySell Technologies
7686,S: カクヤスグループ
7687,G: ミクリード
7689,G: コパ・コーポレーション
7692,S: アースインフィニティ
7694,G: いつも
7695,G: 交換できるくん
7698,S: アイスコ
7701,P: 島津製作所
7702,S: JMS
7707,G: プレシジョン・システム・サイエンス
7709,S: クボテック
7711,S: 助川電気工業
7713,S: シグマ光機
7715,P: 長野計器
7716,S: ナカニシ
7717,P: ブイ・テクノロジー
7718,P: スター精密
7719,S: 東京衡機
7721,P: 東京計器
7722,S: 国際計測器
7723,P: 愛知時計電機
7725,P: インターアクション
7726,S: 黒田精工
7727,S: オーバル
7729,P: 東京精密
7730,P: マニー
7731,P: ニコン
7732,P: トプコン
7733,P: オリンパス
7734,P: 理研計器
7735,P: SCREENホールディングス
7739,P: キヤノン電子
7740,P: タムロン
7741,P: HOYA
7743,P: シード
7744,P: ノーリツ鋼機
7745,P: A＆Dホロンホールディングス
7746,S: 岡本硝子
7747,P: 朝日インテック
7749,S: メディキット
7751,P: キヤノン
7752,P: リコー
7760,S: IMV
7762,P: シチズン時計
7769,P: リズム
7771,S: 日本精密
7774,G: ジャパン・ティッシュエンジニアリング
7775,S: 大研医器
7776,G: セルシード
7777,G: スリー・ディー・マトリックス
7779,G: CYBERDYNE
7780,P: メニコン
7781,S: 平山ホールディングス
7782,S: シンシア
7791,S: ドリームベッド
7792,G: コラントッテ
7793,G: イメージ・マジック
7794,G: イーディーピー
7795,S: KYORITSU
7800,S: アミファ
7803,G: ブシロード
7804,S: ビーアンドピー
7805,S: プリントネット
7806,G: MTG
7807,S: 幸和製作所
7808,S: シー・エス・ランバー
7809,S: 壽屋
7810,S: クロスフォー
7811,S: 中本パックス
7812,S: クレステック
7813,G: プラッツ
7814,S: 日本創発グループ
7815,S: 東京ボード工業
7817,P: パラマウントベッドホールディングス
7818,P: トランザクション
7819,S: 粧美堂
7820,P: ニホンフラッシュ
7821,P: 前田工繊
7822,S: 永大産業
7823,S: アートネイチャー
7826,P: フルヤ金属
7827,S: オービス
7831,S: ウイルコホールディングス
7832,P: バンダイナムコホールディングス
7833,S: アイフィスジャパン
7836,S: アビックス
7837,S: アールシーコア
7839,P: SHOEI
7840,P: フランスベッドホールディングス
7841,S: 遠藤製作所
7844,P: マーベラス
7846,P: パイロットコーポレーション
7847,S: グラファイトデザイン
7849,S: スターツ出版
7850,S: 総合商研
7851,S: カワセコンピュータサプライ
7856,P: 萩原工業
7857,S: セキ
7859,S: アルメディオ
7860,P: エイベックス
7863,S: 平賀
7864,P: フジシールインターナショナル
7865,S: ピープル
7867,P: タカラトミー
7868,P: 広済堂ホールディングス
7871,S: フクビ化学工業
7872,S: エステールホールディングス
7874,P: レック
7875,S: 竹田iPホールディングス
7877,S: 永大化工
7878,S: 光・彩
7879,S: ノダ
7883,S: サンメッセ
7885,S: タカノ
7886,S: ヤマト モビリティ ＆ Mfg.
7887,S: 南海プライウッド
7888,P: 三光合成
7893,P: プロネクサス
7896,S: セブン工業
7897,S: ホクシン
7898,S: ウッドワン
7901,S: マツモト
7902,S: ソノコム
7906,S: ヨネックス
7908,S: きもと
7911,P: TOPPANホールディングス
7912,P: 大日本印刷
7914,P: 共同印刷
7915,P: NISSHA
7916,S: 光村印刷
7917,P: ZACROS
7918,S: ヴィア・ホールディングス
7919,S: 野崎印刷紙業
7921,P: TAKARA ＆ COMPANY
7922,S: 三光産業
7923,S: トーイン
7925,P: 前澤化成工業
7927,S: ムトー精工
7928,S: 旭化学工業
7931,P: 未来工業
7932,S: ニッピ
7936,P: アシックス
7937,S: ツツミ
7938,S: リーガルコーポレーション
7939,S: 研創
7940,S: ウェーブロックホールディングス
7942,P: JSP
7943,P: ニチハ
7944,P: ローランド
7946,S: 光陽社
7947,P: エフピコ
7949,P: 小松ウオール工業
7951,P: ヤマハ
7952,P: 河合楽器製作所
7953,S: 菊水化学工業
7955,P: クリナップ
7956,P: ピジョン
7957,S: フジコピアン
7958,P: 天馬
7962,P: キングジム
7963,S: 興研
7965,P: 象印マホービン
7966,P: リンテック
7970,P: 信越ポリマー
7971,S: 東リ
7972,P: イトーキ
7974,P: 任天堂
7975,S: リヒトラブ
7976,P: 三菱鉛筆
7979,P: 松風
7980,S: 重松製作所
7981,P: タカラスタンダード
7983,S: ミロク
7984,P: コクヨ
7985,S: ネポン
7986,S: 日本アイ・エス・ケイ
7987,S: ナカバヤシ
7988,P: ニフコ
7989,P: 立川ブラインド工業
7990,P: グローブライド
7991,S: マミヤ・オーピー
7992,S: セーラー万年筆
7994,P: オカムラ
7995,P: バルカー
7997,S: くろがね工作所
7999,S: MUTOHホールディングス
8001,P: 伊藤忠商事
8002,P: 丸紅
8005,P: スクロール
8006,S: ユアサ・フナショク
8007,P: 高島
8008,P: ヨンドシーホールディングス
8011,P: 三陽商会
8012,P: 長瀬産業
8013,S: ナイガイ
8014,P: 蝶理
8015,P: 豊田通商
8016,P: オンワードホールディングス
8018,S: 三共生興
8020,P: 兼松
8022,P: 美津濃
8023,S: 大興電子通信
8025,S: ツカモトコーポレーション
8029,S: ルックホールディングス
8030,S: 中央魚類
8031,P: 三井物産
8032,P: 日本紙パルプ商事
8035,P: 東京エレクトロン
8037,P: カメイ
8038,S: 東都水産
8039,S: 築地魚市場
8040,S: 東京ソワール
8041,S: OUGホールディングス
8043,P: スターゼン
8045,S: 横浜丸魚
8046,S: 丸藤シートパイル
8050,P: セイコーグループ
8051,P: 山善
8052,P: 椿本興業
8053,P: 住友商事
8056,P: BIPROGY
8057,P: 内田洋行
8058,P: 三菱商事
8059,P: 第一実業
8060,P: キヤノンマーケティングジャパン
8061,P: 西華産業
8065,P: 佐藤商事
8066,S: 三谷商事
8070,P: 東京産業
8074,P: ユアサ商事
8075,P: 神鋼商事
8076,S: カノークス
8077,S: トルク
8078,P: 阪和興業
8079,P: 正栄食品工業
8081,P: カナデン
8084,P: RYODEN
8085,S: ナラサキ産業
8086,P: ニプロ
8088,P: 岩谷産業
8089,S: ナイス
8091,P: ニチモウ
8093,P: 極東貿易
8095,P: アステナホールディングス
8097,P: 三愛オブリ
8098,P: 稲畑産業
8101,P: GSIクレオス
8103,P: 明和産業
8104,S: クワザワホールディングス
8105,S: 堀田丸正
8107,S: キムラタン
8111,P: ゴールドウイン
8113,P: ユニ・チャーム
8115,S: ムーンバット
8117,S: 中央自動車工業
8118,S: キング
8119,S: 三栄コーポレーション
8123,S: 川辺
8125,P: ワキタ
8127,S: ヤマトインターナショナル
8129,P: 東邦ホールディングス
8130,P: サンゲツ
8131,S: ミツウロコグループホールディングス
8132,P: シナネンホールディングス
8133,P: 伊藤忠エネクス
8135,S: ゼット
8136,P: サンリオ
8137,P: サンワテクノス
8138,S: 三京化成
8139,S: ナガホリ
8141,P: 新光商事
8142,P: トーホー
8143,S: ラピーヌ
8144,S: デンキョーグループホールディングス
8147,S: トミタ
8150,P: 三信電気
8151,P: 東陽テクニカ
8152,S: ソマール
8153,P: モスフードサービス
8154,P: 加賀電子
8157,P: 都築電気
8158,P: ソーダニッカ
8159,P: 立花エレテック
8160,P: 木曽路
8163,P: SRSホールディングス
8165,S: 千趣会
8166,S: タカキュー
8167,P: リテールパートナーズ
8173,P: 上新電機
8174,P: 日本瓦斯
8179,P: ロイヤルホールディングス
8181,S: 東天紅
8185,P: チヨダ
8194,P: ライフコーポレーション
8198,S: マックスバリュ東海
8200,P: リンガーハット
8202,S: ラオックスホールディングス
8203,P: MrMaxHD
8207,S: テンアライド
8208,S: エンチョー
8209,S: フレンドリー
8214,P: AOKIホールディングス
8215,S: 銀座山形屋
8217,P: オークワ
8218,P: コメリ
8219,P: 青山商事
8225,S: タカチホ
8226,S: 理経
8227,P: しまむら
8230,S: はせがわ
8233,P: 高島屋
8237,P: 松屋
8242,P: エイチ・ツー・オー リテイリング
8244,S: 近鉄百貨店
8247,S: 大和
8252,P: 丸井グループ
8253,P: クレディセゾン
8254,S: さいか屋
8255,P: アクシアル リテイリング
8260,S: 井筒屋
8267,P: イオン
8273,P: イズミ
8275,S: フォーバル
8276,P: 平和堂
8278,P: フジ
8279,P: ヤオコー
8281,P: ゼビオホールディングス
8282,P: ケーズホールディングス
8283,P: PALTAC
8285,S: 三谷産業
8289,S: Olympicグループ
8291,S: 日産東京販売ホールディングス
8304,P: あおぞら銀行
8306,P: 三菱UFJフィナンシャル・グループ
8308,P: りそなホールディングス
8309,P: 三井住友トラストグループ
8316,P: 三井住友フィナンシャルグループ
8331,P: 千葉銀行
8334,P: 群馬銀行
8336,P: 武蔵野銀行
8337,P: 千葉興業銀行
8338,P: 筑波銀行
8341,P: 七十七銀行
8343,P: 秋田銀行
8344,P: 山形銀行
8345,P: 岩手銀行
8346,P: 東邦銀行
8349,S: 東北銀行
8354,P: ふくおかフィナンシャルグループ
8358,P: スルガ銀行
8359,P: 八十二銀行
8360,P: 山梨中央銀行
8361,P: 大垣共立銀行
8362,P: 福井銀行
8364,P: 清水銀行
8365,S: 富山銀行
8366,P: 滋賀銀行
8367,P: 南都銀行
8368,P: 百五銀行
8370,P: 紀陽銀行
8377,P: ほくほくフィナンシャルグループ
8381,P: 山陰合同銀行
8383,S: 鳥取銀行
8386,P: 百十四銀行
8387,P: 四国銀行
8388,P: 阿波銀行
8392,P: 大分銀行
8393,P: 宮崎銀行
8395,P: 佐賀銀行
8399,P: 琉球銀行
8410,P: セブン銀行
8411,P: みずほフィナンシャルグループ
8416,S: 高知銀行
8418,P: 山口フィナンシャルグループ
8424,P: 芙蓉総合リース
8425,P: みずほリース
8439,P: 東京センチュリー
8473,P: SBIホールディングス
8508,S: Jトラスト
8511,P: 日本証券金融
8515,P: アイフル
8518,S: 日本アジア投資
8522,P: 名古屋銀行
8524,P: 北洋銀行
8537,S: 大光銀行
8541,P: 愛媛銀行
8542,S: トマト銀行
8544,P: 京葉銀行
8550,P: 栃木銀行
8551,P: 北日本銀行
8558,P: 東和銀行
8562,S: 福島銀行
8563,S: 大東銀行
8566,P: リコーリース
8570,P: イオンフィナンシャルサービス
8572,S: アコム
8584,P: ジャックス
8585,P: オリエントコーポレーション
8591,P: オリックス
8593,P: 三菱HCキャピタル
8595,P: ジャフコ グループ
8596,S: 九州リースサービス
8600,P: トモニホールディングス
8601,P: 大和証券グループ本社
8604,P: 野村ホールディングス
8609,P: 岡三証券グループ
8613,P: 丸三証券
8614,P: 東洋証券
8616,P: 東海東京フィナンシャル・ホールディングス
8617,S: 光世証券
8622,P: 水戸証券
8624,P: いちよし証券
8628,P: 松井証券
8630,P: SOMPOホールディングス
8697,P: 日本取引所グループ
8698,P: マネックスグループ
8699,S: HSホールディングス
8700,S: 丸八証券
8704,S: トレイダーズホールディングス
8705,S: 日産証券グループ
8706,P: 極東証券
8707,P: 岩井コスモホールディングス
8708,P: アイザワ証券グループ
8713,P: フィデアホールディングス
8714,P: 池田泉州ホールディングス
8715,P: アニコム ホールディングス
8725,P: MS＆ADインシュアランスグループホールディングス
8732,S: マネーパートナーズグループ
8737,S: あかつき本社
8739,P: スパークス・グループ
8742,S: 小林洋行
8746,S: UNBANKED
8747,S: 豊トラスティ証券
8750,P: 第一生命ホールディングス
8766,P: 東京海上ホールディングス
8769,S: アドバンテッジリスクマネジメント
8771,P: イー・ギャランティ
8772,S: アサックス
8783,S: GFA
8789,S: フィンテック グローバル
8793,P: NECキャピタルソリューション
8795,P: T＆Dホールディングス
8798,P: アドバンスクリエイト
8801,P: 三井不動産
8802,P: 三菱地所
8803,P: 平和不動産
8804,P: 東京建物
8818,P: 京阪神ビルディング
8830,P: 住友不動産
8835,S: 太平洋興発
8836,S: RISE
8841,S: テーオーシー
8844,S: コスモスイニシア
8848,P: レオパレス21
8850,P: スターツコーポレーション
8860,P: フジ住宅
8864,P: 空港施設
8869,S: 明和地所
8871,S: ゴールドクレスト
8876,P: リログループ
8877,P: エスリード
8881,P: 日神グループホールディングス
8886,S: ウッドフレンズ
8887,S: クミカ
8890,S: レーサム
8891,S: AMGホールディングス
8892,P: 日本エスコン
8894,S: REVOLUTION
8897,P: MIRARTHホールディングス
8898,S: センチュリー21・ジャパン
8904,S: AVANTIA
8905,P: イオンモール
8908,S: 毎日コムネット
8912,S: エリアクエスト
8914,S: エリアリンク
8917,S: ファースト住建
8918,S: ランド
8919,P: カチタス
8920,S: 東祥
8923,P: トーセイ
8927,S: 明豊エンタープライズ
8928,S: 穴吹興産
8929,S: 青山財産ネットワークス
8931,S: 和田興産
8934,P: サンフロンティア不動産
8935,P: FJネクストホールディングス
8938,G: グローム・ホールディングス
8940,S: インテリックス
8944,S: ランドビジネス
8945,S: サンネクスタグループ
8946,S: ASIAN STAR
8995,S: 誠建設工業
8996,S: ハウスフリーダム
8999,P: グランディハウス
9001,P: 東武鉄道
9003,P: 相鉄ホールディングス
9005,P: 東急
9006,P: 京浜急行電鉄
9007,P: 小田急電鉄
9008,P: 京王電鉄
9009,P: 京成電鉄
9010,P: 富士急行
9012,S: 秩父鉄道
9017,S: 新潟交通
9020,P: 東日本旅客鉄道
9021,P: 西日本旅客鉄道
9022,P: 東海旅客鉄道
9023,P: 東京地下鉄
9024,P: 西武ホールディングス
9025,P: 鴻池運輸
9028,S: ゼロ
9029,S: ヒガシトゥエンティワン
9031,P: 西日本鉄道
9033,S: 広島電鉄
9034,S: 南総通運
9036,S: 東部ネットワーク
9037,P: ハマキョウレックス
9039,P: サカイ引越センター
9041,P: 近鉄グループホールディングス
9042,P: 阪急阪神ホールディングス
9044,P: 南海電気鉄道
9045,P: 京阪ホールディングス
9046,P: 神戸電鉄
9048,P: 名古屋鉄道
9049,S: 京福電気鉄道
9051,S: センコン物流
9052,P: 山陽電気鉄道
9057,S: 遠州トラック
9059,S: カンダホールディングス
9060,S: 日本ロジテム
9063,S: 岡山県貨物運送
9064,P: ヤマトホールディングス
9065,P: 山九
9066,P: 日新
9067,S: 丸運
9068,P: 丸全昭和運輸
9069,P: センコーグループホールディングス
9070,P: トナミホールディングス
9072,P: ニッコンホールディングス
9073,S: 京極運輸商事
9074,S: 日本石油輸送
9075,P: 福山通運
9076,P: セイノーホールディングス
9081,P: 神奈川中央交通
9082,S: 大和自動車交通
9083,S: 神姫バス
9087,S: タカセ
9090,P: AZ-COM丸和ホールディングス
9101,P: 日本郵船
9104,P: 商船三井
9107,P: 川崎汽船
9110,P: NSユナイテッド海運
9115,S: 明海グループ
9119,P: 飯野海運
9127,S: 玉井商船
9130,S: 共栄タンカー
9142,P: 九州旅客鉄道
9143,P: SGホールディングス
9145,S: ビーイングホールディングス
9147,P: NIPPON EXPRESSホールディングス
9158,G: シーユーシー
9159,G: W TOKYO
9160,S: ノバレーゼ
9161,P: ID＆Eホールディングス
9162,G: ブリーチ
9163,G: ナレルグループ
9164,G: トライト
9165,G: クオルテック
9166,G: GENDA
9168,G: ライズ・コンサルティング・グループ
9171,S: 栗林商船
9173,S: 東海汽船
9193,S: 東京汽船
9201,P: 日本航空
9202,P: ANAホールディングス
9204,G: スカイマーク
9206,S: スターフライヤー
9211,G: エフ・コード
9212,G: Green Earth Institute
9213,S: セイファート
9214,G: Recovery International
9215,G: CaSy
9216,P: ビーウィズ
9218,G: メンタルヘルステクノロジーズ
9219,G: ギックス
9220,S: エフビー介護サービス
9221,S: フルハシEPO
9223,G: ASNOVA
9225,G: ブリッジコンサルティンググループ
9227,G: マイクロ波化学
9229,P: サンウェルズ
9233,S: アジア航測
9235,G: 売れるネット広告社グループ
9236,G: ジャパンM＆Aソリューション
9237,G: 笑美面
9238,G: バリュークリエーション
9240,G: デリバリーコンサルティング
9241,G: フューチャーリンクネットワーク
9242,G: メディア総研
9244,G: デジタリフト
9245,G: リベロ
9246,G: プロジェクトホールディングス
9247,P: TREホールディングス
9248,P: 人・夢・技術グループ
9249,S: 日本エコシステム
9250,G: GRCS
9251,G: AB＆Company
9252,G: ラストワンマイル
9253,G: スローガン
9254,G: ラバブルマーケティンググループ
9256,G: サクシード
9258,G: CS-C
9259,G: タカヨシホールディングス
9260,P: 西本Wismettacホールディングス
9262,S: シルバーライフ
9264,S: ポエック
9265,S: ヤマシタヘルスケアホールディングス
9267,P: Genky DrugStores
9268,S: オプティマスグループ
9270,G: バリュエンスホールディングス
9271,G: 和心
9272,G: ブティックス
9273,P: コーア商事ホールディングス
9274,P: KPPグループホールディングス
9275,S: ナルミヤ・インターナショナル
9278,P: ブックオフグループホールディングス
9279,P: ギフトホールディングス
9301,P: 三菱倉庫
9302,P: 三井倉庫ホールディングス
9303,P: 住友倉庫
9304,P: 澁澤倉庫
9305,P: ヤマタネ
9306,S: 東陽倉庫
9307,S: 杉村倉庫
9308,S: 乾汽船
9310,P: 日本トランスシティ
9311,S: アサガミ
9312,S: ケイヒン
9313,S: 丸八倉庫
9319,P: 中央倉庫
9322,S: 川西倉庫
9324,P: 安田倉庫
9325,S: ファイズホールディングス
9326,G: 関通
9327,S: イー・ロジット
9330,G: 揚羽
9331,G: キャスター
9332,P: NISSOホールディングス
9336,P: 大栄環境
9337,G: トリドリ
9338,G: INFORICH
9339,S: コーチ・エィ
9340,S: アソインターナショナル
9341,P: GENOVA
9342,G: スマサポ
9343,G: アイビス
9344,G: アクシスコンサルティング
9345,G: ビズメイツ
9346,G: ココルポート
9347,P: 日本管財ホールディングス
9348,G: ispace
9351,S: 東洋埠頭
9353,S: 櫻島埠頭
9355,S: リンコーコーポレーション
9360,S: 鈴与シンワート
9361,S: 伏木海陸運送
9362,S: 兵機海運
9363,S: 大運
9364,P: 上組
9365,S: トレーディア
9366,S: サンリツ
9367,S: 大東港運
9368,S: キムラユニティー
9369,S: キユーソー流通システム
9376,S: ユーラシア旅行社
9377,S: エージーピー
9380,S: 東海運
9381,P: エーアイテイー
9384,P: 内外トランスライン
9385,S: ショーエイコーポレーション
9386,P: 日本コンセプト
9401,P: TBSホールディングス
9404,P: 日本テレビホールディングス
9405,P: 朝日放送グループホールディングス
9408,S: BSNメディアホールディングス
9409,P: テレビ朝日ホールディングス
9412,P: スカパーJSATホールディングス
9413,P: テレビ東京ホールディングス
9414,S: 日本BS放送
9416,P: ビジョン
9417,S: スマートバリュー
9418,P: U-NEXT HOLDINGS
9419,S: ワイヤレスゲート
9421,S: エヌジェイホールディングス
9423,S: フォーバル・リアルストレート
9424,P: 日本通信
9425,S: ReYuu Japan
9428,S: クロップス
9432,P: 日本電信電話
9433,P: KDDI
9434,P: ソフトバンク
94345,P: ソフトバンク第1回社債型種類株式
94346,P: ソフトバンク第2回社債型種類株式
9435,P: 光通信
9436,S: 沖縄セルラー電話
9438,P: エムティーアイ
9439,S: エム・エイチ・グループ
9441,S: ベルパーク
9444,S: トーシンホールディングス
9445,S: フォーバルテレコム
9446,S: サカイホールディングス
9449,P: GMOインターネットグループ
9450,P: ファイバーゲート
9466,S: アイドママーケティングコミュニケーション
9467,G: アルファポリス
9468,P: KADOKAWA
9470,P: 学研ホールディングス
9474,P: ゼンリン
9475,S: 昭文社ホールディングス
9476,S: 中央経済社ホールディングス
9478,S: SEホールディングス・アンド・インキュベーションズ
9479,S: インプレスホールディングス
9501,P: 東京電力ホールディングス
9502,P: 中部電力
9503,P: 関西電力
9504,P: 中国電力
9505,P: 北陸電力
9506,P: 東北電力
9507,P: 四国電力
9508,P: 九州電力
9509,P: 北海道電力
9511,P: 沖縄電力
9513,P: 電源開発
9514,S: エフオン
9517,P: イーレックス
9519,P: レノバ
9522,G: リニューアブル・ジャパン
9531,P: 東京瓦斯
9532,P: 大阪瓦斯
9533,P: 東邦瓦斯
9534,P: 北海道瓦斯
9535,P: 広島ガス
9536,P: 西部ガスホールディングス
9537,S: 北陸瓦斯
9539,S: 京葉瓦斯
9543,P: 静岡ガス
9551,P: メタウォーター
9552,P: M＆A総研ホールディングス
9553,G: マイクロアド
9554,G: AViC
9556,G: INTLOOP
9557,G: エアークローゼット
9558,G: ジャパニアス
9560,G: プログリット
9561,G: グラッドキューブ
9562,G: ビジネスコーチ
9563,G: Atlas Technologies
9564,S: FCE
9565,G: GLOE
9600,P: アイネット
9601,P: 松竹
9602,P: 東宝
9603,P: エイチ・アイ・エス
9605,P: 東映
9610,S: ウィルソン・ラーニング ワールドワイド
9612,P: ラックランド
9613,P: NTTデータグループ
9616,P: 共立メンテナンス
9619,P: イチネンホールディングス
9621,P: 建設技術研究所
9622,P: スペース
9625,S: セレスポ
9627,P: アインホールディングス
9628,P: 燦ホールディングス
9629,P: ピー・シー・エー
9632,S: スバル興業
9633,S: 東京テアトル
9635,S: 武蔵野興業
9636,S: きんえい
9639,S: 三協フロンテア
9640,S: セゾンテクノロジー
9644,P: タナベコンサルティンググループ
9647,S: 協和コンサルタンツ
9651,S: 日本プロセス
9656,S: グリーンランドリゾート
9658,P: ビジネスブレイン太田昭和
9661,S: 歌舞伎座
9663,P: ナガワ
9672,P: 東京都競馬
9675,S: 常磐興産
9678,P: カナモト
9679,S: ホウライ
9682,P: DTS
9684,P: スクウェア・エニックス・ホールディングス
9685,S: KYCOMホールディングス
9686,S: 東洋テック
9687,S: KSK
9691,S: 両毛システムズ
9692,P: シーイーシー
9696,S: ウィザス
9697,P: カプコン
9698,S: クレオ
9699,P: ニシオホールディングス
9701,S: 東京會舘
9702,P: アイ・エス・ビー
9704,S: アゴーラ ホスピタリティー グループ
9706,P: 日本空港ビルデング
9708,S: 帝国ホテル
9709,S: NCS＆A
9713,S: ロイヤルホテル
9715,P: トランス・コスモス
9716,P: 乃村工藝社
9719,P: SCSK
9720,S: ホテル、ニューグランド
9722,P: 藤田観光
9723,S: 京都ホテル
9726,S: KNT-CTホールディングス
9729,P: トーカイ
9731,S: 白洋舎
9733,S: ナガセ
9735,P: セコム
9739,P: NSW
9740,P: セントラル警備保障
9742,P: アイネス
9743,P: 丹青社
9744,P: メイテックグループホールディングス
9746,P: TKC
9749,P: 富士ソフト
9753,S: アイエックス・ナレッジ
9755,P: 応用地質
9757,P: 船井総研ホールディングス
9759,P: NSD
9760,S: 進学会ホールディングス
9761,S: 東海リース
9763,S: 丸紅建材リース
9765,P: オオバ
9766,P: コナミグループ
9767,S: 日建工学
9768,S: いであ
9769,P: 学究社
9776,S: 札幌臨床検査センター
9778,S: 昴
9780,S: ハリマビステム
9782,S: ディーエムエス
9787,P: イオンディライト
9788,P: ナック
9790,P: 福井コンピュータホールディングス
9791,S: ビケンテクノ
9793,P: ダイセキ
9795,P: ステップ
9799,S: 旭情報サービス
9812,S: テーオーホールディングス
9816,S: ストライダーズ
9818,S: 大丸エナウィン
9820,S: エムティジェネックス
9823,S: マミーマート
9824,P: 泉州電業
9827,S: リリカラ
9828,S: Genki Global Dining Concepts
9830,P: トラスコ中山
9831,P: ヤマダホールディングス
9832,P: オートバックスセブン
9835,S: ジュンテンドー
9837,P: モリト
9842,P: アークランズ
9843,P: ニトリホールディングス
9845,S: パーカーコーポレーション
9846,S: 天満屋ストア
9849,S: 共同紙販ホールディングス
9850,P: グルメ杵屋
9852,S: CBグループマネジメント
9853,S: 銀座ルノアール
9854,S: 愛眼
9856,S: ケーユーホールディングス
9857,S: 英和
9861,P: 吉野家ホールディングス
9867,S: ソレキア
9869,P: 加藤産業
9872,S: 北恵
9876,S: コックス
9878,S: セキド
9880,P: イノテック
9882,P: イエローハット
9885,S: シャルレ
9887,P: 松屋フーズホールディングス
9888,S: UEX
9889,P: JBCCホールディングス
9890,S: マキヤ
9895,S: コンセック
9896,S: JKホールディングス
9900,P: サガミホールディングス
9902,P: 日伝
9903,S: カンセキ
9904,S: ベリテ
9906,S: 藤井産業
9908,S: 日本電計
9913,S: 日邦産業
9914,S: 植松商会
9927,S: ワットマン
9928,P: ミロク情報サービス
9929,S: 平和紙業
9930,S: 北沢産業
9932,P: 杉本商事
9934,P: 因幡電機産業
9936,P: 王将フードサービス
9941,S: 太洋物産
9946,P: ミニストップ
9948,P: アークス
9950,S: ハチバン
9955,S: ヨンキュウ
9956,P: バローホールディングス
9959,S: アシードホールディングス
9960,P: 東テク
9962,P: ミスミグループ本社
9969,S: ショクブン
9972,S: アルテック
9973,S: KOZOホールディングス
9974,P: ベルク
9976,S: セキチュー
9978,S: 文教堂グループホールディングス
9979,S: 大庄
9980,S: MRKホールディングス
9982,S: タキヒヨー
9983,P: ファーストリテイリング
9984,P: ソフトバンクグループ
9986,S: 蔵王産業
9987,P: スズケン
9989,P: サンドラッグ
9990,P: サックスバー ホールディングス
9991,P: ジェコス
9993,S: ヤマザワ
9994,S: やまや
9996,S: サトー商会
9997,P: ベルーナ
